"Dye.Pattern","Sex","Right.Tag","Left.Tag","Numerical.Age","Mass","Length","Month","Day","Year","Zygomatic.Arch","Social.Group","vijay"
"-","Female",536,560,4,5.48,72,7,24,2004,67.8,"West",1
10,"Male",120,121,1,1.05,42,5,29,2000,50.7,"Camp Creek",1
10,"Male",120,121,1,2.13,58.5,7,11,2000,54.7,"Camp Creek",1
10,"Male",120,121,1,2.6,57,7,31,2000,56.2,"Camp Creek",1
10,"Male",120,121,1,3.68,60,8,17,2000,60.3,"Camp Creek",1
10,"Male",120,121,2,2.6,54,6,19,2001,59.5,"Camp Creek",1
10,"Male",120,121,2,2.73,60,6,24,2001,60.3,"Camp Creek",1
10,"Male",120,121,2,2.35,58,6,25,2001,52.2,"Camp Creek",1
10,"Male",120,121,2,4.8,62.5,8,13,2001,68.8,"Camp Creek",1
10,"Male",120,121,3,3.43,65,5,31,2002,65.5,"Camp Creek",1
10,"Male",120,121,3,4.94,61,6,21,2002,67.3,"Camp Creek",1
10,"Male",120,121,4,4.2,66,6,1,2003,71.8,"Camp Creek",1
10,"Male",120,121,1,1.45,47,6,19,2000,53.2,"Camp Creek",1
11,"Female",62,63,0,0.86,38,8,3,1999,42.9,"Camp Creek",1
11,"Female",62,63,0,1.25,40,8,26,1999,47.3,"Camp Creek",1
11,"Female",62,63,1,0.88,39,6,2,2000,47.7,"Camp Creek",1
11,"Female",62,63,2,2.4,67,6,25,2001,59.1,"Camp Creek",1
11,"Female",62,63,2,2.65,58,7,5,2001,59.6,"Camp Creek",1
11,"Female",62,63,2,3.65,60,7,20,2001,60.6,"Camp Creek",1
11,"Female",62,63,3,2.75,58,5,20,2002,61.7,"Camp Creek",1
11,"Female",62,63,2,"NA",54,6,19,2001,59.1,"Camp Creek",1
12,"Male",19,20,0,1.7,39,8,26,1999,50.4,"Camp Creek",1
12,"Male",19,20,1,1.3,44,6,9,2000,52.1,"Camp Creek",1
12,"Male",19,20,1,2.33,55.5,7,11,2000,56.9,"Camp Creek",1
12,"Male",19,20,0,0.48,30.5,7,13,1999,42.6,"Camp Creek",1
12,"Male",19,20,1,3.5,57,8,10,2000,63.3,"Camp Creek",1
12,"Male",19,20,2,2.9,60,6,19,2001,61.3,"Camp Creek",1
12,"Male",19,20,2,3.15,57,6,25,2001,64.2,"Camp Creek",1
12,"Male",19,20,1,3.13,57,7,31,2000,57,"Camp Creek",1
13,"Male",123,124,2,"NA","NA",6,4,2000,"NA","Camp Creek",1
13,"Male",123,124,2,2.65,60,6,11,2000,62.8,"Camp Creek",1
13,"Male",123,124,2,"NA","NA",7,11,2000,"NA","Camp Creek",1
13,"Male",123,124,3,3.63,63,6,18,2001,69.7,"Camp Creek",1
13,"Male",123,124,3,4.38,"NA",6,26,2001,71.4,"Camp Creek",1
13,"Male",123,124,4,3.33,51,5,19,2002,69.4,"Camp Creek",1
13,"Male",123,124,2,2.35,56,6,2,2000,62.9,"Camp Creek",1
14,"Male",27,122,0,0.3,26,7,13,1999,37,"Camp Creek",1
14,"Male",27,122,1,0.8,32,5,29,2000,44.5,"Camp Creek",1
14,"Male",27,122,1,0.9,34,6,9,2000,45.7,"Camp Creek",1
14,"Male",27,122,1,1.15,45.5,6,20,2000,45.4,"Camp Creek",1
14,"Male",27,122,1,2.25,51,7,31,2000,55.5,"Camp Creek",1
14,"Male",27,122,1,0.75,40,6,2,2000,44.9,"Camp Creek",1
14,"Male",27,122,2,2.25,"NA",6,25,2001,53.9,"Camp Creek",1
14,"Male",27,122,2,2.8,55,7,4,2001,59.6,"Camp Creek",1
14,"Male",27,122,2,2.75,"NA",7,5,2001,58.3,"Camp Creek",1
14,"Male",27,122,2,3.65,59,7,20,2001,62,"Camp Creek",1
14,"Male",27,122,2,4.28,"NA",8,13,2001,"NA","Camp Creek",1
14,"Male",27,122,3,2.53,53,5,20,2002,61.4,"Camp Creek",1
14,"Male",27,122,3,3.9,61,6,21,2002,54.83,"Camp Creek",1
14,"Male",27,122,1,1.85,44.5,7,11,2000,52.1,"Camp Creek",1
14,"Male",27,122,2,2.18,53,6,18,2001,56.4,"Camp Creek",1
15,"Male",33,34,0,0.8,33,7,14,1999,46.8,"Camp Creek",1
15,"Male",33,34,0,1.65,45,8,3,1999,52.5,"Camp Creek",1
15,"Male",33,34,1,1.7,50,6,9,2000,57.7,"Camp Creek",1
15,"Male",33,34,1,1.98,56,6,19,2000,59.6,"Camp Creek",1
15,"Male",33,34,1,3.55,61,7,31,2000,62.5,"Camp Creek",1
15,"Male",33,34,0,2.35,44,8,27,1999,55.7,"Camp Creek",1
15,"Male",33,34,2,3.15,65,6,20,2001,63.6,"Camp Creek",1
15,"Male",33,34,2,3.23,"NA",6,24,2001,63.3,"Camp Creek",1
15,"Male",33,34,2,3.3,68,6,26,2001,64.7,"Camp Creek",1
15,"Male",33,34,2,5.63,68,8,13,2001,67.8,"Camp Creek",1
15,"Male",33,34,1,1.55,47,6,2,2000,55.6,"Camp Creek",1
15,"Male",33,34,1,3.98,66,8,22,2000,64.2,"Camp Creek",1
16,"Female",125,48,0,0.35,30,7,18,1999,36.3,"Camp Creek",1
16,"Female",125,48,0,0.5,32,7,30,1999,40.8,"Camp Creek",1
16,"Female",125,48,1,0.73,37,6,2,2000,43.7,"Camp Creek",1
16,"Female",125,48,1,1.03,42,6,20,2000,44.3,"Camp Creek",1
16,"Female",125,48,1,1.6,45,7,9,2000,48.4,"Camp Creek",1
16,"Female",125,48,1,1.6,"NA",7,11,2000,"NA","Camp Creek",1
16,"Female",125,48,1,0.85,33.5,6,9,2000,44.6,"Camp Creek",1
16,"Female",125,48,1,2.68,53,8,17,2000,52.4,"Camp Creek",1
16,"Female",125,48,2,1.93,50,6,19,2001,54.7,"Camp Creek",1
16,"Female",125,48,2,2.13,56,6,25,2001,55.1,"Camp Creek",1
16,"Female",125,48,2,2.35,54,7,4,2001,56.1,"Camp Creek",1
16,"Female",125,48,2,2.35,49,7,5,2001,55.2,"Camp Creek",1
16,"Female",125,48,2,3.03,56,7,29,2001,56.8,"Camp Creek",1
16,"Female",125,48,2,3.7,62,8,13,2001,57.6,"Camp Creek",1
16,"Female",125,48,3,2.48,48,5,20,2002,59.8,"Camp Creek",1
16,"Female",125,48,1,2.4,50,7,30,2000,52.3,"Camp Creek",1
17,"Unknown",129,152,2,2.65,58,6,20,2000,65.4,"Narnia",1
17,"Unknown",151,152,2,2.28,56,6,4,2000,63.5,"Narnia",1
18,"Male",153,154,4,4.1,64,6,4,2000,72,"Narnia",1
18,"Male",153,154,4,4.1,65,6,10,2000,72.3,"Narnia",1
18,"Male",153,154,5,4.93,65,7,5,2001,70.9,"Narnia",1
18,"Male",267,268,6,6.2,71,7,14,2002,74.7,"Narnia",1
18,"Male",267,268,7,6.2,68,8,1,2003,75,"Narnia",1
18,"Male",267,268,8,"NA","NA",7,7,2004,"NA","Narnia",1
18,"Male",153,154,5,4.75,67,6,26,2001,74.7,"Narnia",1
19,"Male",17,18,0,0.38,27,7,12,1999,39.5,"Camp Creek",1
19,"Male",17,18,1,1.08,39.5,6,4,2000,49,"Camp Creek",1
19,"Male",17,18,1,1.75,43,7,1,2000,54.2,"Camp Creek",1
19,"Male",17,18,1,2.1,52.5,7,11,2000,56.1,"Camp Creek",1
19,"Male",17,18,0,1.55,39,8,26,1999,49.7,"Camp Creek",1
19,"Male",17,18,2,2.48,56,6,19,2001,59.7,"Camp Creek",1
19,"Male",17,18,2,2.65,58,6,25,2001,60.1,"Camp Creek",1
19,"Male",17,18,2,2.88,58,7,4,2001,61.2,"Camp Creek",1
19,"Male",17,18,1,2.83,56,8,1,2000,58.3,"Camp Creek",1
19,"Male",17,18,2,3.63,60,7,20,2001,61.8,"Camp Creek",1
19,"Male",17,18,2,"NA","NA",8,12,2001,"NA","Camp Creek",1
19,"Male",17,18,3,2.73,56,5,20,2002,58.8,"Camp Creek",1
19,"Male",17,18,3,2.75,59,5,22,2002,62.2,"Camp Creek",1
19,"Male",17,18,3,4.2,63,7,12,2002,66.38,"Camp Creek",1
19,"Male",17,18,4,3.43,68,5,21,2003,71.1,"Camp Creek",1
19,"Male",17,18,4,4.9,66.5,6,22,2003,73,"Camp Creek",1
19,"Male",17,18,2,2.9,57,7,5,2001,60.3,"Camp Creek",1
"1A","Female",432,433,4,5.03,71,7,19,2002,69.7,"West Snowplot",0
"1C","Male",611,612,0,0.55,35,7,21,2004,42.4,"Oblivion 3",0
"1D","Female",628,629,0,0.57,36,7,25,2003,43.2,"H-Talus",0
"1D","Female",628,629,1,3,65,7,22,2004,59,"H-Talus",0
"1H","Male",480,481,0,0.78,39,7,23,2002,46.1,"West",1
"1J","Male",551,552,0,2,47,8,10,2003,53.5,"West",1
"1J","Male",551,552,1,4.03,69.5,7,15,2004,67.54,"West",1
"1J","Male",551,552,0,0.93,40,7,20,2003,48.2,"West",1
"1L","Female",515,516,0,0.45,33,7,16,2003,41.9,"West",1
"1L","Female",515,516,0,0.85,36,7,30,2003,44.5,"West",1
"1L","Female",515,516,1,2.5,62,7,10,2004,54.1,"West",1
"1L","Female",515,516,1,3.73,66,8,3,2004,61,"West",1
"1L","Female",515,516,0,1.13,38,8,8,2003,44.4,"West",1
"1P","Male",530,528,4,4.4,67.5,6,4,2003,75.7,"Oblivion 2",0
"1P","Male",530,528,5,5.78,71,7,22,2004,78.9,"Oblivion 2",0
"1P","Male",530,528,4,4.65,70,6,20,2003,73,"Oblivion 2",0
2,"Male",394,395,3,5.93,77,7,11,2002,65.63,"Oblivion 3",0
20,"Female",155,156,2,2.1,56,6,4,2000,59.7,"Narnia",1
20,"Female",155,156,2,3.35,66,7,11,2000,58,"Narnia",1
20,"Female",155,156,2,3.7,64,7,31,2000,60.8,"Narnia",1
20,"Female",155,156,3,3.85,64,7,7,2001,65,"Narnia",1
20,"Female",155,156,4,3.35,64,7,10,2002,57.8,"Narnia",1
20,"Female",155,156,4,3.78,68,7,15,2002,64.8,"Narnia",1
20,"Female",155,156,5,"NA","NA",6,23,2003,"NA","Narnia",1
20,"Female",155,156,6,"NA","NA",7,5,2004,"NA","Narnia",1
20,"Female",155,156,2,2.55,53,6,20,2000,60.3,"Narnia",1
21,"Female",157,158,3,4.2,62,6,10,2000,73,"Narnia",1
21,"Female",157,158,4,3.9,60,6,20,2001,70.8,"Narnia",1
21,"Female",157,158,4,3.78,63,6,28,2001,69.8,"Narnia",1
21,"Female",157,158,4,3.83,71,7,5,2001,59.6,"Narnia",1
21,"Female",157,158,4,3.85,66,7,28,2001,69.1,"Narnia",1
21,"Female",157,158,4,3.8,"NA",6,24,2001,"NA","Narnia",1
21,"Female",157,158,4,4.2,65,8,12,2001,60.8,"Narnia",1
21,"Female",157,158,5,3.08,"NA",6,17,2002,"NA","Narnia",1
21,"Female",157,158,4,4.3,63,8,5,2001,61.8,"Narnia",1
22,"Female",159,160,2,2.43,52,6,11,2000,62,"Narnia",1
22,"Female",159,160,2,2.63,52,6,21,2000,59.6,"Narnia",1
22,"Female",159,160,3,3.38,60,6,24,2001,63.8,"Narnia",1
22,"Female",159,160,3,3.38,61,6,28,2001,64,"Narnia",1
22,"Female",159,160,3,4.75,59,8,4,2001,67.9,"Narnia",1
22,"Female",159,160,3,3.08,55,6,20,2001,64,"Narnia",1
22,"Female",344,160,4,3.75,60,5,30,2002,67,"Narnia",1
22,"Female",344,160,4,3.45,61,6,10,2002,62.15,"Narnia",1
22,"Female",344,160,4,5.48,"NA",7,10,2002,"NA","Narnia",1
22,"Female",159,160,3,4.43,58.5,8,1,2001,65.3,"Narnia",1
22,"Female",344,160,4,4.83,"NA",8,11,2002,65.4,"Narnia",1
22,"Female",344,160,5,"NA",61,6,23,2003,60.1,"Narnia",1
22,"Female",344,160,5,3.6,60,7,11,2003,65.4,"Narnia",1
22,"Female",344,160,5,4.3,"NA",7,20,2003,"NA","Narnia",1
22,"Female",344,160,6,"NA","NA",7,4,2004,"NA","Narnia",1
22,"Female",344,160,4,4.43,64,7,31,2002,63.4,"Narnia",1
23,"Female",161,162,2,2.88,59.5,6,12,2000,63.6,"Oblivion 1",0
23,"Female",161,162,2,2.9,60,6,23,2000,63.1,"Oblivion 1",0
23,"Female",161,"NA",2,3.95,63.5,8,1,2000,62.3,"Oblivion 1",0
24,"Male",126,127,4,5,74.5,6,25,2000,"NA","K-Talus",1
24,"Male",126,127,5,5.2,62,6,22,2001,72.7,"K-Talus",1
24,"Male",136,127,6,5.05,65,6,11,2002,75.5,"K-Talus",1
24,"Male",126,127,4,4.78,69,6,15,2000,69.8,"K-Talus",1
24,"Male",136,127,7,4.05,74,5,28,2003,74,"K-Talus",1
24,"Male",136,127,7,4.2,69,5,30,2003,71.3,"K-Talus",1
25,"Female",281,131,2,2.88,61,7,9,2000,52.6,"Narnia",1
25,"Female",281,131,2,2.85,"NA",7,11,2000,"NA","Narnia",1
25,"Female",281,131,3,3.28,"NA",6,21,2001,63.7,"Narnia",1
25,"Female",281,131,3,3.2,"NA",6,24,2001,64.4,"Narnia",1
25,"Female",281,131,3,3.43,61,6,28,2001,64.5,"Narnia",1
25,"Female",281,131,3,3.65,66,7,4,2001,60.8,"Narnia",1
25,"Female",281,131,3,4.45,"NA",7,3,2001,64.9,"Narnia",1
25,"Female",281,131,3,5.03,67,8,5,2001,68.3,"Narnia",1
25,"Female",275,131,4,4.95,66,7,15,2002,67.7,"Narnia",1
25,"Female",275,131,5,3.45,"NA",6,23,2003,64.5,"Narnia",1
25,"Female",275,131,5,3.35,61,7,11,2003,65.5,"Narnia",1
25,"Female",275,131,5,3.9,69,8,1,2003,66.4,"Narnia",1
25,"Female",275,131,5,"NA",64.5,7,20,2003,65.1,"Narnia",1
25,"Female",275,131,6,5.08,71,6,14,2004,71.8,"Narnia",1
25,"Female",281,131,2,2.48,56,6,21,2000,52.5,"Narnia",1
26,"Female",132,133,3,3.55,62,6,23,2000,67.7,"Narnia",1
26,"Female",132,133,3,4.05,62.5,7,31,2000,68.6,"Narnia",1
26,"Female",132,133,4,4.45,59,6,28,2001,69.2,"Narnia",1
26,"Female",132,133,2,3.2,57,7,8,1999,63.3,"Narnia",1
26,"Female",132,133,4,5.75,65,7,28,2001,70.8,"Narnia",1
27,"Male",279,280,1,1.63,49,6,21,2001,53.5,"Narnia",1
27,"Male",279,280,1,1.7,51,6,24,2001,54.2,"Narnia",1
27,"Male",279,280,1,1.78,51,6,28,2001,55,"Narnia",1
27,"Male",279,280,1,2.13,53,7,10,2001,55.5,"Narnia",1
27,"Male",279,280,1,2.58,54,7,28,2001,58.1,"Narnia",1
27,"Male",279,280,1,2.85,56,8,1,2001,58.3,"Narnia",1
27,"Male",279,280,1,2.03,52,7,4,2001,55.4,"Narnia",1
27,"Male",279,280,1,3.28,57,8,12,2001,58.6,"Narnia",1
27,"Male",279,280,2,2.85,58,5,30,2002,63.8,"Narnia",1
27,"Male",279,280,2,3.45,54,6,10,2002,63.77,"Narnia",1
27,"Male",279,280,2,4.48,67,6,21,2002,67.8,"Narnia",1
27,"Male",279,280,2,5.03,63,7,15,2002,69,"Narnia",1
27,"Male",279,280,4,4.88,67,6,12,2004,74.93,"Narnia",1
27,"Male",279,280,2,3.73,63,6,24,2002,"NA","Narnia",1
27,"Male",279,280,1,3,64,8,4,2001,61.5,"Narnia",1
28,"Female",148,149,0,1.4,47.5,7,31,2000,48.4,"Narnia",1
28,"Female",148,149,1,1.65,51,6,24,2001,52.6,"Narnia",1
28,"Female",148,149,1,1.68,49,6,28,2001,52.9,"Narnia",1
28,"Female",148,149,1,1.88,56,7,4,2001,56,"Narnia",1
28,"Female",148,149,1,1.53,50,6,21,2001,57.3,"Narnia",1
28,"Female",148,149,1,2.53,57,7,3,2001,56.2,"Narnia",1
28,"Female",148,149,1,2.9,59,8,4,2001,64.4,"Narnia",1
28,"Female",148,149,1,2.63,55,8,1,2001,56.2,"Narnia",1
28,"Female",148,149,1,3.15,56,8,12,2001,56.3,"Narnia",1
28,"Female",148,149,2,4.16,64,6,21,2002,56.9,"Narnia",1
28,"Female",148,149,2,4.14,65,6,24,2002,64.5,"Narnia",1
28,"Female",148,149,2,3.93,"NA",7,10,2002,64,"Narnia",1
28,"Female",148,149,2,2.78,51,6,10,2002,63.9,"Narnia",1
28,"Female",503,149,3,3.53,61,5,25,2003,65.9,"Narnia",1
28,"Female",503,149,3,4.3,65,7,11,2003,65.8,"Narnia",1
28,"Female",503,149,4,4.18,61,6,15,2004,69.77,"Narnia",1
28,"Female",503,591,4,4.73,71,7,17,2004,67.7,"Narnia",1
28,"Female",148,149,1,2,53,7,10,2001,54.1,"Narnia",1
29,"Female",82,83,0,1.23,41,8,9,1999,47.7,"Pika Creek",0
29,"Female",82,83,2,2.5,52,6,21,2001,57.6,"Pika Creek",0
29,"Female",82,83,2,2.7,"NA",6,28,2001,59.1,"Pika Creek",0
29,"Female",82,83,2,4.18,57,7,21,2001,61.4,"Pika Creek",0
29,"Female",82,83,2,4.15,60,8,2,2001,64.1,"Pika Creek",0
29,"Female",82,83,2,4.33,69,8,7,2001,62.8,"Pika Creek",0
29,"Female",82,83,2,4.45,69,8,14,2001,64.1,"Pika Creek",0
29,"Female",82,83,3,2.9,61,6,1,2002,62.1,"Pika Creek",0
29,"Female",82,83,3,3.78,56,6,25,2002,63,"Pika Creek",0
29,"Female",82,83,3,3.45,64,7,11,2002,54.5,"Pika Creek",0
29,"Female",82,83,4,3.7,70,6,4,2003,65.23,"Pika Creek",0
29,"Female",82,83,4,3.6,66,6,20,2003,65.5,"Pika Creek",0
29,"Female",82,83,4,5,"NA",8,7,2003,66.9,"Pika Creek",0
29,"Female",82,83,1,1.1,40,6,20,2000,51.6,"Pika Creek",0
29,"Female",82,83,5,6.23,77,7,21,2004,70.1,"Pika Creek",0
"2A","Female",519,520,1,2.2,65,7,23,2004,56.3,"Oblivion 2",0
"2A","Female",519,520,0,0.35,31,7,19,2003,40.8,"Oblivion 2",0
"2C","Male",538,537,1,1.4,51.5,6,25,2003,48.1,"West Snowplot",0
"2D","Male",634,633,0,1.04,37,8,9,2003,44.1,"H-Talus",0
"2D","Male",634,633,1,3.15,63,7,25,2004,"NA","H-Talus",0
"2J","Male",605,604,0,0.53,34,7,20,2004,43.8,"Oblivion 2",0
"2L","Male",517,518,0,0.58,36,7,16,2003,44.8,"West",1
"2L","Male",517,518,0,1.28,38,8,1,2003,47.7,"West",1
"2L","Male",517,518,0,1.5,45,8,10,2003,48.5,"West",1
"2P","Female",547,548,0,0.6,35.5,7,19,2003,45.2,"Oblivion 2",0
"2P","Female",547,548,0,1,36,8,5,2003,46.9,"Oblivion 2",0
3,"Female",23,24,0,0.28,26,7,13,1999,36.7,"Camp Creek",1
3,"Female",23,24,0,0.98,35,8,11,1999,42.5,"Camp Creek",1
3,"Female",23,24,1,0.65,38,5,28,2000,44.5,"Camp Creek",1
3,"Female",23,24,1,0.78,38.5,5,31,2000,45.2,"Camp Creek",1
3,"Female",23,24,1,0.78,42,6,2,2000,47.1,"Camp Creek",1
3,"Female",23,24,1,1.23,45,6,19,2000,47.4,"Camp Creek",1
3,"Female",23,24,1,1.68,46,7,9,2000,49.4,"Camp Creek",1
3,"Female",23,24,1,2.43,49,7,31,2000,53.4,"Camp Creek",1
3,"Female",23,24,2,2.03,48,6,18,2001,54.1,"Camp Creek",1
3,"Female",23,24,2,2.18,"NA",6,25,2001,55.3,"Camp Creek",1
3,"Female",23,24,2,2.33,47,6,29,2001,55.9,"Camp Creek",1
3,"Female",23,24,2,2.33,47,7,5,2001,"NA","Camp Creek",1
3,"Female",23,24,2,3.03,61,7,20,2001,53.4,"Camp Creek",1
3,"Female",23,24,3,2.35,52,5,22,2002,57.9,"Camp Creek",1
3,"Female",23,24,3,2.65,53,5,31,2002,59,"Camp Creek",1
3,"Female",23,24,3,3.15,65,6,21,2002,51.53,"Camp Creek",1
3,"Female",23,24,3,3.89,60.5,6,19,2002,61.3,"Camp Creek",1
3,"Female",23,24,3,4.21,60,6,25,2002,62.3,"Camp Creek",1
3,"Female",23,24,3,3.28,56,7,10,2002,61.2,"Camp Creek",1
3,"Female",23,24,3,5,"NA",8,15,2002,59,"Camp Creek",1
3,"Female",23,24,4,3.15,64,5,16,2003,64.8,"Camp Creek",1
3,"Female",23,24,4,3.6,66,6,16,2003,63.9,"Camp Creek",1
3,"Female",23,24,0,0.59,35,7,31,1999,39.2,"Camp Creek",1
30,"Female",252,85,0,1.23,39,8,10,1999,49.3,"Pika Creek",0
30,"Female",252,85,1,1.78,49.5,7,9,2000,54.2,"Pika Creek",0
30,"Female",252,85,1,3,58.5,8,3,2000,57.6,"Pika Creek",0
30,"Female",252,85,2,2.35,59,6,23,2001,50.7,"Pika Creek",0
30,"Female",252,85,1,1.18,42,6,20,2000,52.2,"Pika Creek",0
30,"Female",252,85,2,3.13,59,7,11,2001,60.3,"Pika Creek",0
30,"Female",252,85,3,3.13,61,6,1,2002,65.4,"Pika Creek",0
30,"Female",252,85,4,2.35,"NA",6,4,2003,65.1,"Pika Creek",0
30,"Female",252,85,2,2.75,58,7,1,2001,61.3,"Pika Creek",0
31,"Female",165,166,4,3.6,61,6,20,2000,68.7,"Oblivion 2",0
31,"Female",165,166,5,5.28,68,7,22,2001,69.6,"Oblivion 2",0
31,"Female",165,166,5,5.85,68,8,6,2001,69.6,"Oblivion 2",0
31,"Female",165,166,6,4.53,64,6,25,2002,68,"Oblivion 2",0
31,"Female",165,166,5,4.78,65,7,8,2001,67.1,"Oblivion 2",0
31,"Female",165,166,6,4.3,61,7,27,2002,68.2,"Oblivion 2",0
31,"Female",165,166,6,4.68,63,8,8,2002,66.1,"Oblivion 2",0
31,"Female",165,166,6,4.55,65,8,11,2002,67.6,"Oblivion 2",0
31,"Female",165,166,6,4.22,64,7,11,2002,67.1,"Oblivion 2",0
32,"Female",80,81,0,1.43,41,8,12,1999,51.2,"Pika Creek",0
32,"Female",80,81,1,1.45,44,6,20,2000,54.5,"Pika Creek",0
32,"Female",80,81,1,1.6,44,6,25,2000,53.1,"Pika Creek",0
32,"Female",80,81,1,3.5,56,8,18,2000,62.6,"Pika Creek",0
32,"Female",80,81,2,4.4,48,7,21,2001,64.2,"Pika Creek",0
32,"Female",80,81,2,4.8,55,7,29,2001,64.8,"Pika Creek",0
32,"Female",80,81,2,4.88,54.5,8,14,2001,64.4,"Pika Creek",0
32,"Female",80,81,3,3.13,"NA",6,1,2002,63.8,"Pika Creek",0
32,"Female",80,81,3,3.5,"NA",6,11,2002,63.3,"Pika Creek",0
32,"Female",80,81,3,3.7,"NA",7,12,2002,57.5,"Pika Creek",0
32,"Female",80,81,3,5.03,60,8,13,2002,65.7,"Pika Creek",0
32,"Female",80,81,4,3.1,38,5,29,2003,60,"Pika Creek",0
32,"Female",80,81,4,4,60,7,5,2003,65.8,"Pika Creek",0
32,"Female",80,81,0,1.53,44,8,9,1999,50.6,"Pika Creek",0
33,"Male",167,168,1,2.43,55,6,21,2000,61.7,"Oblivion 2",0
34,"Male",90,91,0,1.55,43,8,19,1999,51.9,"Pika Creek",0
34,"Male",90,91,0,2.18,43,8,24,1999,51.8,"Pika Creek",0
34,"Male",90,91,1,1.38,39,6,21,2000,52,"Pika Creek",0
34,"Male",90,91,1,1.5,54.5,6,26,2000,55.4,"Pika Creek",0
34,"Male",90,91,1,1.88,50,7,5,2000,52.7,"Pika Creek",0
34,"Male",90,91,1,3.05,61,8,18,2000,58.7,"Pika Creek",0
34,"Male",90,91,2,2.58,61,6,21,2001,59.6,"Pika Creek",0
34,"Male",90,91,2,2.93,60,6,28,2001,61.5,"Pika Creek",0
34,"Male",90,91,2,4.1,66,7,21,2001,63.6,"Pika Creek",0
34,"Male",90,91,2,4.68,70,8,1,2001,64.9,"Pika Creek",0
34,"Male",90,91,2,4.85,71,8,7,2001,62.6,"Pika Creek",0
34,"Male",90,91,3,4.58,71,6,24,2002,70.4,"Pika Creek",0
34,"Male",90,91,0,1.43,42,8,12,1999,50.1,"Pika Creek",0
34,"Male",90,91,3,5.15,76,7,11,2002,67.9,"Pika Creek",0
35,"Male",224,170,4,4.9,71,6,26,2000,73.7,"Pika Creek",0
35,"Male",224,170,5,4.48,64,6,20,2001,74,"Pika Creek",0
35,"Male",224,170,4,4.73,67,6,21,2000,74.6,"Pika Creek",0
36,"Female",96,97,0,1.4,43,8,19,1999,50,"Oblivion 2",0
36,"Female",96,97,2,2.33,55,6,23,2001,58,"Oblivion 2",0
36,"Female",96,97,1,2.58,58,6,27,2000,60,"Oblivion 2",0
36,"Female",96,97,2,2.75,58,7,3,2001,57.5,"Oblivion 2",0
36,"Female",96,97,1,1.25,42,6,21,2000,50.1,"Oblivion 2",0
36,"Female",96,97,2,3.88,62,8,6,2001,57.7,"Oblivion 2",0
36,"Female",96,97,3,4.46,62,6,22,2002,63.7,"Oblivion 2",0
36,"Female",96,97,4,3.55,65,6,4,2003,67,"Oblivion 2",0
36,"Female",96,97,2,3.35,61,7,22,2001,60.4,"Oblivion 2",0
36,"Female",96,97,4,3.3,72,7,18,2003,65,"Oblivion 2",0
37,"Female",171,172,4,3.68,65,6,23,2000,66.9,"Oblivion 1",0
38,"Male",225,174,2,2.55,58,6,23,2001,59.7,"Oblivion 3",0
38,"Male",225,174,2,2.7,65,6,30,2001,59.8,"Oblivion 3",0
38,"Male",225,174,2,2.83,"NA",7,3,2001,59.5,"Oblivion 3",0
38,"Male",225,174,1,1.1,44,6,23,2000,49.1,"Oblivion 3",0
38,"Male",225,174,2,3.8,"NA",7,22,2001,61,"Oblivion 3",0
38,"Male",225,174,3,3.2,60,5,25,2002,64.2,"Oblivion 3",0
38,"Male",225,174,3,3.58,63,6,17,2002,66.4,"Oblivion 3",0
38,"Male",225,174,2,3.03,59,7,8,2001,59.8,"Oblivion 3",0
38,"Male",225,174,5,6.5,68,7,18,2004,76.87,"Oblivion 3",0
38,"Male",225,174,2,2.63,55,6,27,2001,61.1,"Oblivion 3",0
38,"Male",225,174,4,4.25,68,5,20,2003,68.7,"Oblivion 3",0
39,"Female",175,180,2,3,60,6,23,2000,63.7,"Oblivion 1",0
39,"Female",175,180,2,"NA","NA",6,24,2000,"NA","Oblivion 1",0
"3C","Female",613,614,0,0.58,34,7,21,2004,43.1,"Oblivion 3",0
"3E","Male",597,598,0,0.51,36,7,19,2004,45.9,"West",1
"3J","Female",571,572,0,1.33,44,8,4,2004,47.53,,0
"3J","Female",571,572,0,1.28,44.5,8,7,2004,47.3,,0
"3L","Female",553,554,0,1,38,8,1,2003,45.9,"West",1
"3L","Female",553,554,0,1.35,41,8,8,2003,46.1,"West",1
"3L","Female",553,554,0,0.63,36,7,20,2003,44.6,"West",1
"3P","Male",631,630,0,0.8,33.5,7,28,2003,47,"Oblivion 3",0
4,"Female",13,14,0,1.63,42,8,26,1999,49.1,"Camp Creek",1
4,"Female",13,14,1,1,40,5,29,2000,49.5,"Camp Creek",1
4,"Female",13,14,1,1.13,44.5,6,2,2000,49.6,"Camp Creek",1
4,"Female",13,14,0,0.35,27,7,12,1999,38.4,"Camp Creek",1
4,"Female",13,14,1,1.43,47,6,20,2000,47.6,"Camp Creek",1
4,"Female",13,14,1,2.08,59,7,11,2000,54.3,"Camp Creek",1
4,"Female",13,14,1,2.98,54,7,30,2000,60.6,"Camp Creek",1
4,"Female",13,14,2,2.6,57,6,19,2001,61.3,"Camp Creek",1
4,"Female",13,14,2,2.83,62,6,25,2001,61.9,"Camp Creek",1
4,"Female",13,14,3,3.13,60,5,31,2002,65.6,"Camp Creek",1
4,"Female",13,14,3,3.25,53,6,9,2002,71.3,"Camp Creek",1
4,"Female",13,14,1,1.3,42,6,9,2000,51.9,"Camp Creek",1
40,"Female",134,135,2,3.15,58.5,6,24,2000,64.7,"K-Talus",1
40,"Female",134,251,3,3.88,66,6,20,2001,67.4,"K-Talus",1
41,"Female",248,147,4,5.3,73.5,7,30,2000,67.6,"West",1
41,"Female",248,147,5,4,66,6,24,2001,61.6,"West",1
41,"Female",248,147,5,4.45,69,7,1,2001,68.2,"West",1
41,"Female",248,8026,6,5.03,73,8,6,2002,58.1,"West",1
41,"Female",248,505,7,3.68,69,5,6,2003,69.1,"West",1
41,"Female",248,505,7,4.7,75,7,12,2003,65.7,"West",1
41,"Female",248,505,8,4.98,67,7,10,2004,69.24,"West",1
41,"Female",248,256,6,4.3,69,6,21,2002,70,"West",1
42,"Female",236,237,4,6.1,71,8,11,2000,74.1,"K-Talus",1
43,"Male",286,287,1,1.33,46,7,8,2001,48.8,"Oblivion 3",0
43,"Male",286,287,1,1.55,49,7,22,2001,50.8,"Oblivion 3",0
43,"Male",286,287,1,1.7,"NA",7,27,2001,52.3,"Oblivion 3",0
43,"Male",286,287,1,1.28,46,7,3,2001,47.5,"Oblivion 3",0
43,"Male",286,350,2,2,58,6,12,2002,57.7,"Oblivion 3",0
43,"Male",286,397,2,2.33,65,6,26,2002,58.4,"Oblivion 3",0
43,"Male",286,397,2,2.83,"NA",7,11,2002,58.3,"Oblivion 3",0
43,"Male",286,287,1,2.15,57,8,6,2001,56.2,"Oblivion 3",0
43,"Male",286,397,3,2.63,61,6,6,2003,61.4,"Oblivion 3",0
43,"Male",286,397,3,3.2,63.5,6,20,2003,62.2,"Oblivion 3",0
43,"Male",286,397,2,3.35,59,7,30,2002,53.37,"Oblivion 3",0
45,"Male",249,177,1,2.33,50,6,24,2000,58.3,"Oblivion 1",0
45,"Male",249,177,2,3.7,66,6,27,2001,65,"Oblivion 1",0
45,"Male",249,177,2,3.85,60,7,4,2001,63.2,"Oblivion 1",0
45,"Male",249,177,2,4.03,59,7,11,2001,64.2,"Oblivion 1",0
45,"Male",249,177,2,4.53,63,7,22,2001,63.6,"Oblivion 1",0
45,"Male",249,177,2,3.7,65,6,30,2001,67.3,"Oblivion 1",0
45,"Male",249,177,2,5.3,66,8,6,2001,67.8,"Oblivion 1",0
46,"Female",178,179,3,3.4,60,6,24,2000,63.9,"Oblivion 2",0
46,"Female",178,179,4,4.2,66,7,3,2001,66,"Oblivion 2",0
46,"Female",178,179,5,4.36,63,6,18,2002,66.3,"Oblivion 2",0
46,"Female",178,179,5,4.18,62,7,30,2002,59.63,"Oblivion 2",0
46,"Female",178,179,6,3.7,66,6,5,2003,65.7,"Oblivion 2",0
46,"Female",178,179,6,3.75,70.5,6,20,2003,67,"Oblivion 2",0
46,"Female",178,179,7,4.73,76,7,20,2004,66.4,"Oblivion 2",0
46,"Female",178,179,5,3.97,63,7,11,2002,63.2,"Oblivion 2",0
47,"Female",181,182,1,3.28,50,7,30,2000,60.7,"Oblivion 2",0
47,"Female",181,182,2,3,54,6,23,2001,62.2,"Oblivion 2",0
47,"Female",181,182,2,4.1,55,7,22,2001,63.9,"Oblivion 2",0
47,"Female",181,182,1,2.03,40,6,24,2000,57.3,"Oblivion 2",0
48,"Female",183,184,2,2.85,58,6,30,2001,61.2,"Oblivion 3",0
48,"Female",183,184,2,3.13,57,7,3,2001,59.2,"Oblivion 3",0
48,"Female",183,184,2,3.93,63,7,22,2001,61.2,"Oblivion 3",0
48,"Female",183,184,1,2.03,48,6,24,2000,55.7,"Oblivion 3",0
48,"Female",183,184,3,3.08,56,5,25,2002,64.9,"Oblivion 3",0
48,"Female",183,184,3,4.58,66,7,11,2002,64.8,"Oblivion 3",0
48,"Female",183,184,4,3.35,67,6,5,2003,64.6,"Oblivion 3",0
48,"Female",183,184,4,4,61,6,21,2003,65.2,"Oblivion 3",0
48,"Female",183,184,4,5.8,65,8,3,2003,71.6,"Oblivion 3",0
48,"Female",183,184,5,4.65,62,7,22,2004,66.3,"Oblivion 3",0
48,"Female",183,184,2,4.25,64,8,6,2001,66.8,"Oblivion 3",0
49,"Male",185,186,4,5.05,65,6,26,2000,73.3,"West",1
"4C","Male",579,580,0,6.1,67,7,14,2003,76.4,"Oblivion 3",0
"4D","Female",626,627,0,0.5,31,7,24,2003,38.5,"H-Talus",0
"4D","Female",626,627,1,2.95,63,7,25,2004,57.1,"H-Talus",0
"4E","Male",599,600,0,1.08,45,8,7,2004,46.43,"West",1
"4E","Male",599,600,0,0.53,35,7,19,2004,43.7,"West",1
"7K","Female",571,572,2,4.78,66.5,8,8,2004,66.68,,0
"4L","Male",555,556,0,0.7,39,7,23,2003,44,"West",1
"4L","Male",555,556,1,2.63,59,7,10,2004,58.95,"West",1
"4L","Male",555,556,1,3.58,66.5,8,3,2004,62.78,"West",1
"4L","Male",555,556,0,1.36,42,8,10,2003,47.9,"West",1
"4P","Female",543,544,0,0.7,39.5,7,18,2003,46.5,"Oblivion 1",0
5,"Male",25,26,0,0.23,"NA",7,13,1999,37.3,"Camp Creek",1
5,"Male",25,26,0,1.33,30.3,8,26,1999,39,"Camp Creek",1
5,"Male",25,26,1,0.75,38,5,28,2000,46.3,"Camp Creek",1
5,"Male",25,26,1,0.9,39.5,6,2,2000,47.1,"Camp Creek",1
5,"Male",25,26,0,0.74,30,7,30,1999,41.2,"Camp Creek",1
5,"Male",25,26,1,1.25,48,6,20,2000,50.2,"Camp Creek",1
5,"Male",25,26,1,1.8,52,7,9,2000,"NA","Camp Creek",1
5,"Male",25,26,1,1.9,"NA",7,11,2000,"NA","Camp Creek",1
5,"Male",25,26,1,1.05,40,6,9,2000,48.1,"Camp Creek",1
5,"Male",25,26,2,2.35,60,6,18,2001,57,"Camp Creek",1
5,"Male",25,26,2,3.35,"NA",7,12,2001,61.1,"Camp Creek",1
5,"Male",25,26,2,3.63,63,7,20,2001,61.1,"Camp Creek",1
5,"Male",25,26,2,4.73,"NA",8,12,2001,"NA","Camp Creek",1
5,"Male",25,26,3,3.13,57,5,31,2002,62.9,"Camp Creek",1
5,"Male",25,26,3,3.38,50,6,9,2002,60.9,"Camp Creek",1
5,"Male",25,26,4,5.18,82,7,14,2003,70.2,"Camp Creek",1
5,"Male",25,26,1,2.53,55,7,31,2000,55.1,"Camp Creek",1
50,"Male",100,101,4,7.65,72,8,19,1999,76.5,"West",1
50,"Male",100,101,5,5.2,63,6,19,2000,76.1,"West",1
51,"Female",66,67,0,1.05,37,8,4,1999,45.8,"H-Talus",0
51,"Female",66,67,1,1.43,45,7,2,2000,52.8,"H-Talus",0
51,"Female",66,67,1,1.68,50,7,9,2000,48.7,"H-Talus",0
51,"Female",66,67,2,2.53,57,6,27,2001,58.3,"H-Talus",0
51,"Female",66,67,2,2.88,55,7,8,2001,58.2,"H-Talus",0
51,"Female",66,67,2,3.7,63,7,28,2001,58.9,"H-Talus",0
51,"Female",66,67,2,4.18,66.5,8,15,2001,66.8,"H-Talus",0
51,"Female",66,67,3,2.75,55,5,29,2002,61.3,"H-Talus",0
51,"Female",351,67,3,4.3,62.5,7,11,2002,55.5,"H-Talus",0
51,"Female",502,67,4,3.33,68,5,21,2003,66.9,"H-Talus",0
51,"Female",66,67,2,2.48,60,6,22,2001,58.3,"H-Talus",0
52,"Male",68,69,0,1.13,39,8,5,1999,46.7,"H-Talus",0
52,"Male",68,69,1,1.63,47,7,2,2000,51.9,"H-Talus",0
52,"Male",68,69,2,2.98,58,6,27,2001,61.1,"H-Talus",0
52,"Male",68,69,2,3.33,62,7,8,2001,61.7,"H-Talus",0
52,"Male",68,69,2,4.1,62,7,28,2001,63.9,"H-Talus",0
52,"Male",68,69,1,1.73,49,7,8,2000,53.7,"H-Talus",0
52,"Male",68,69,3,3.48,66,5,29,2002,65,"H-Talus",0
52,"Male",68,69,3,3.7,67,6,11,2002,56.93,"H-Talus",0
52,"Male",68,69,4,4.1,72,5,29,2003,68.9,"H-Talus",0
52,"Male",68,69,4,5.8,83,7,14,2003,72.6,"H-Talus",0
52,"Male",68,69,2,5.2,65,8,12,2001,63.3,"H-Talus",0
53,"Male",535,534,1,0.8,43.5,6,6,2003,48.1,"Oblivion 2",0
54,"Female",545,546,0,0.7,36.5,7,17,2003,44.8,"Oblivion 1",0
56,"Female",347,348,4,3.83,66,6,12,2002,67.4,"Oblivion 3",0
56,"Female",347,348,4,4.2,64,6,18,2002,66.9,"Oblivion 3",0
56,"Female",347,348,4,5.34,71,6,25,2002,66.5,"Oblivion 3",0
56,"Female",347,348,4,4.55,77,7,11,2002,66.8,"Oblivion 3",0
56,"Female",347,348,5,4,69,6,21,2003,65.3,"Oblivion 3",0
56,"Female",347,348,4,4.38,63,6,26,2002,69.95,"Oblivion 3",0
57,"Male",257,375,4,5.5,71,6,25,2002,77.8,"Pika Creek",0
57,"Male",531,533,5,5.1,75,6,6,2003,77.7,"Pika Creek",0
57,"Male",531,533,5,6.6,70,7,3,2003,71,"Pika Creek",0
57,"Male",374,375,4,5.83,73.5,6,16,2002,76.9,"Pika Creek",0
58,"Female",498,499,0,1.18,36,8,14,2002,48.1,"Oblivion 2",0
58,"Female",498,499,1,2.9,57,8,3,2003,57.3,"Oblivion 2",0
58,"Female",498,499,2,3.93,67,7,22,2004,63.7,"Oblivion 2",0
58,"Female",498,499,1,0.9,44.5,6,5,2003,49.4,"Oblivion 2",0
59,"Male",9951,9952,0,1.33,46,8,12,2002,48.1,"Oblivion 2",0
"5C","Male",616,617,0,0.53,37,7,22,2004,43.4,"Oblivion 3",0
"5J","Female",640,641,1,1.88,45.5,7,5,2004,52.98,"Narnia",1
"5J","Female",640,641,0,0.41,27,8,1,2003,38.3,"Narnia",1
"5L","Male",608,609,0,0.6,32,7,20,2004,44.5,"Pika Creek",0
"5P","Female",650,649,1,1.9,59,7,19,2003,56,"Oblivion 2",0
60,"Male",197,198,6,4.9,65,6,26,2001,74.9,"Camp Creek",1
60,"Male",197,198,5,6,68,7,10,2000,75.6,"Camp Creek",1
61,"Female",203,204,1,2.58,50,7,22,2000,58.2,"West Snowplot",0
61,"Female",203,204,3,4.43,72,8,4,2002,60.97,"West Snowplot",0
61,"Female",203,204,2,2.98,60,6,29,2001,63.7,"West Snowplot",0
62,"Female",205,206,4,6.63,66,7,23,2000,74.4,"unknown",0
63,"Female",98,99,0,1.22,43,8,19,1999,51.4,"Pika Creek",0
63,"Female",98,99,1,2.35,54,7,23,2000,57.5,"Pika Creek",0
63,"Female",98,99,2,2.85,64,6,28,2001,64.1,"Pika Creek",0
63,"Female",98,99,2,4.05,67,8,2,2001,65.5,"Pika Creek",0
63,"Female",98,99,4,4.4,73,7,5,2003,68,"Pika Creek",0
63,"Female",98,99,2,3.75,64,7,19,2001,64.2,"Pika Creek",0
64,"Female",211,212,1,3.68,61,7,28,2000,62,"Oblivion 2",0
64,"Female",211,212,2,5.23,66,8,6,2001,69.6,"Oblivion 2",0
64,"Female",425,212,3,3.65,63,5,26,2002,68.4,"Oblivion 2",0
64,"Female",425,212,3,4.61,62,6,17,2002,66.7,"Oblivion 2",0
64,"Female",425,212,3,4.34,63,6,18,2002,69.6,"Oblivion 2",0
64,"Female",425,260,3,4.75,62,7,12,2002,60.7,"Oblivion 2",0
64,"Female",425,260,4,3.9,66,6,1,2003,68.5,"Oblivion 2",0
64,"Female",425,260,4,4.7,67,7,9,2003,66.8,"Oblivion 2",0
64,"Female",211,212,2,3.28,"NA",6,21,2001,"NA","Oblivion 2",0
65,"Male",57,58,0,0.68,31,7,25,1999,45.9,"Oblivion 2",0
65,"Male",57,58,2,3.05,60,6,20,2001,61.8,"Oblivion 2",0
65,"Male",57,58,2,3.68,64,7,1,2001,63.7,"Oblivion 2",0
65,"Male",57,58,1,3.33,60,7,29,2000,59.9,"Oblivion 2",0
66,"Male",215,216,4,6.98,70,8,10,2000,79.9,"West",1
67,"Female",221,222,6,6.18,71,8,14,2001,70.2,"Pika Creek",0
67,"Female",221,222,8,4.2,66,5,29,2003,72.3,"Pika Creek",0
67,"Female",221,222,8,4.33,74,6,4,2003,71.1,"Pika Creek",0
67,"Female",221,222,8,5.3,65,7,3,2003,70.1,"Pika Creek",0
67,"Female",221,222,5,6.35,63,8,18,2000,70.6,"Pika Creek",0
68,"Female",310,311,4,4.7,66,8,6,2001,65.7,"Oblivion 3",0
68,"Female",310,311,5,3.3,64,5,26,2002,64.2,"Oblivion 3",0
68,"Female",526,311,6,3.9,72,5,21,2003,67,"Oblivion 3",0
68,"Female",310,311,4,4.63,65,7,23,2001,64.2,"Oblivion 3",0
68,"Female",577,311,7,4.25,69,7,23,2004,66.3,"Oblivion 3",0
68,"Female",526,311,6,3.85,71,6,6,2003,66.6,"Oblivion 3",0
69,"Female",288,289,2,2.73,56,7,4,2001,58.3,"Oblivion 3",0
69,"Female",288,289,2,2.8,59,7,8,2001,59.1,"Oblivion 3",0
69,"Female",288,289,2,3.3,59,7,27,2001,61,"Oblivion 3",0
69,"Female",288,289,3,3.53,65,6,26,2002,63.1,"Oblivion 3",0
69,"Female",288,289,3,4.08,61,7,11,2002,64.05,"Oblivion 3",0
69,"Female",288,289,4,3.6,59,6,21,2003,65,"Oblivion 3",0
69,"Female",288,289,4,4.2,65,7,12,2003,72.8,"Oblivion 3",0
69,"Female",288,289,4,4.5,69.5,7,28,2003,"NA","Oblivion 3",0
69,"Female",288,289,2,3.25,57,7,22,2001,60,"Oblivion 3",0
"6A","Female","NA","NA",1,1.8,52,7,13,2003,47.3,"West Snowplot",0
"6C","Male",655,656,0,0.9,42,7,28,2004,47.5,"West",1
"6J","Female",601,602,0,1.6,41,8,10,2003,50.4,"West",1
"6J","Female",601,602,1,2.73,59.5,7,10,2004,60.3,"West",1
"6J","Female",601,602,1,3.43,63,7,19,2004,62.4,"West",1
"6J","Female",601,602,1,"NA","NA",8,3,2004,"NA","West",1
"6L","Female",606,607,0,0.53,35,7,20,2004,44.4,"Pika Creek",0
"6P","Female",647,648,0,0.3,32.5,7,19,2003,30,"Oblivion 2",0
7,"Female",31,32,0,0.5,30,7,14,1999,41.5,"Camp Creek",1
7,"Female",31,32,1,1.1,41,5,29,2000,49.9,"Camp Creek",1
7,"Female",31,32,1,1.3,40.5,6,10,2000,53.4,"Camp Creek",1
7,"Female",31,32,1,1.4,50,6,20,2000,47.4,"Camp Creek",1
7,"Female",31,32,1,2.15,59,7,11,2000,54.9,"Camp Creek",1
7,"Female",31,32,1,3.33,57,7,30,2000,57.7,"Camp Creek",1
7,"Female",31,32,2,2.48,54,6,18,2001,57.6,"Camp Creek",1
7,"Female",31,32,2,2.68,57,6,25,2001,60.1,"Camp Creek",1
7,"Female",31,32,2,2.75,57,7,5,2001,59.9,"Camp Creek",1
7,"Female",31,32,2,3.58,62,7,21,2001,62,"Camp Creek",1
7,"Female",31,32,0,2,45,8,27,1999,49.8,"Camp Creek",1
70,"Female",102,103,0,2.15,46,8,20,1999,53.8,"West",1
70,"Female",102,103,2,2.95,63,6,29,2001,63.3,"West",1
70,"Female",102,103,3,4.33,72,7,11,2002,69.3,"West",1
70,"Female",102,103,4,3.8,66,6,23,2003,69.7,"West",1
70,"Female",102,103,4,3.28,64,5,27,2003,68.4,"West",1
71,"Female",284,285,4,4.1,"NA",7,2,2001,66.6,"Oblivion 1",0
71,"Female",284,285,4,5.33,65,8,6,2001,66.2,"Oblivion 1",0
71,"Female",284,255,5,3.63,"NA",6,12,2002,68.6,"Oblivion 1",0
71,"Female",284,285,5,4.03,63,6,26,2002,66.1,"Oblivion 1",0
71,"Female",284,285,5,4.18,60,7,11,2002,66.25,"Oblivion 1",0
71,"Female",284,285,6,3.6,59.5,6,20,2003,68,"Oblivion 1",0
71,"Female",284,285,5,4.1,70,6,18,2002,67.5,"Oblivion 1",0
71,"Female",512,255,6,5.6,60,8,3,2003,68.5,"Oblivion 1",0
71,"Female",610,255,7,5.78,57,7,21,2004,70.1,"Oblivion 1",0
71,"Female",284,285,6,4.25,58,7,9,2003,66.2,"Oblivion 1",0
72,"Male",253,254,0,0.93,43,8,6,2001,44.9,"Oblivion 3",0
72,"Male",253,254,1,1.43,55,6,26,2002,48.7,"Oblivion 3",0
72,"Male",253,254,1,1.9,57,7,11,2002,51.2,"Oblivion 3",0
72,"Male",253,254,1,2.15,50,7,27,2002,45.87,"Oblivion 3",0
72,"Male",253,254,1,2.35,59.5,7,31,2002,51.7,"Oblivion 3",0
72,"Male",253,254,1,2.7,50.5,8,8,2002,45.9,"Oblivion 3",0
72,"Male",253,358,2,1.6,53,6,4,2003,59.1,"Oblivion 3",0
72,"Male",253,358,2,2.9,61,6,21,2003,60.7,"Oblivion 3",0
72,"Male",253,358,2,3.4,62,7,7,2003,64.2,"Oblivion 3",0
72,"Male",253,358,2,3.9,67,7,13,2003,72.2,"Oblivion 3",0
72,"Male",253,358,2,5.6,65,8,12,2003,72.4,"Oblivion 3",0
72,"Male",253,254,1,1.33,50,6,17,2002,50.7,"Oblivion 3",0
72,"Male",253,254,0,1.15,43.5,8,14,2001,46.6,"Oblivion 3",0
73,"Male",376,378,0,0.55,33,7,15,2002,"NA","Oblivion 1",0
73,"Male",356,378,1,1.15,46,6,4,2003,53,"Oblivion 1",0
73,"Male",356,378,1,2.5,55,7,9,2003,59,"Oblivion 1",0
73,"Male",356,378,1,3.2,62,7,17,2003,59.4,"Oblivion 1",0
73,"Male",356,378,2,4.86,69,7,23,2004,66.4,"Oblivion 1",0
73,"Male",356,378,1,1.9,46,6,23,2003,55.7,"Oblivion 1",0
74,"Female",372,373,4,5.34,69,6,18,2002,70.3,"Oblivion 2",0
75,"Male",259,399,1,2.6,58,7,11,2002,49.3,"Pika Creek",0
75,"Male",259,399,1,4.43,71,8,8,2002,61.9,"Pika Creek",0
75,"Male",259,399,2,2.8,55.5,6,4,2003,65.3,"Pika Creek",0
75,"Male",398,399,1,2.76,56.5,6,21,2002,56.3,"Pika Creek",0
75,"Male",259,399,2,4.1,71,7,3,2003,63.4,"Pika Creek",0
75,"Male",259,399,2,3.2,72,6,20,2003,64.2,"Pika Creek",0
76,"Unknown","NA",504,1,0.9,46,7,21,2002,51.2,"West",1
77,"Female",527,"NA",1,0.7,44.5,5,30,2003,46.2,"H-Talus",0
77,"Female",527,511,1,1.05,44,6,16,2003,48.8,"H-Talus",0
78,"Female",587,588,0,0.48,34,7,17,2004,41.8,"Narnia",1
79,"Male",589,590,0,0.6,36,7,17,2004,45.4,"Narnia",1
"7A","Male",635,636,0,0.8,34,8,6,2003,46.8,"West Snowplot",0
"7C","Male",573,574,0,1.18,49.5,8,3,2004,49.28,"West",1
"7C","Male",573,574,0,1.53,48,8,9,2004,50.63,"West",1
"7C","Male",573,574,0,1.33,49,8,8,2004,49.13,"West",1
"7H","Unknown",624,625,0,3.8,60,8,10,2003,63.2,"unknown",0
"7H","Unknown",624,625,1,"NA","NA",8,5,2004,"NA","unknown",0
"7K","Female","NA","NA",1,3.35,59,8,8,2003,62,"West",1
"7K","Female","NA","NA",1,3.1,59,7,30,2003,57,"West",1
"7L","Female",651,652,0,0.83,39,7,26,2004,45.9,"West",1
8,"Male",582,581,4,4.6,68,7,7,2003,71.3,"Oblivion 1",0
8,"Male",582,581,5,5.63,71,7,22,2004,73.3,"Oblivion 1",0
8,"Male",582,581,4,5.2,71,7,17,2003,72.3,"Oblivion 1",0
80,"Female",238,239,2,3.65,54,7,22,2001,62.2,"West Snowplot",0
80,"Female",238,239,3,4.63,69,7,19,2002,67,"West Snowplot",0
80,"Female",238,239,4,3.25,78,6,4,2003,68,"West Snowplot",0
80,"Female",238,239,2,2.9,52,6,21,2001,62.7,"West Snowplot",0
80,"Female",238,239,4,3.65,68.5,6,25,2003,63.3,"West Snowplot",0
81,"Male",240,241,2,3.23,65,6,21,2001,64.6,"Oblivion 2",0
81,"Male",240,241,2,3.78,58,7,3,2001,63.3,"Oblivion 2",0
81,"Male",240,241,3,4.33,69,6,12,2002,68,"Oblivion 2",0
81,"Male",240,241,3,5.05,67,7,11,2002,69.7,"Oblivion 2",0
82,"Female",242,243,4,3.65,62,6,23,2001,66.8,"Oblivion 1",0
82,"Female",242,243,4,4.23,60,7,2,2001,67.1,"Oblivion 1",0
82,"Female",242,243,4,5.4,70,8,6,2001,70.2,"Oblivion 1",0
82,"Female",242,243,6,4.4,63,6,20,2003,69.9,"Oblivion 1",0
82,"Female",242,243,6,4.7,63,7,8,2003,68.6,"Oblivion 1",0
82,"Female",242,243,6,5.15,62,7,17,2003,67,"Oblivion 1",0
82,"Female",242,243,6,6.35,60,8,3,2003,74.3,"Oblivion 1",0
82,"Female",242,243,4,5.53,"NA",8,14,2001,65.3,"Oblivion 1",0
83,"Male",244,245,3,3.7,60,7,3,2001,64.3,"Oblivion 1",0
83,"Male",244,245,4,5.63,67,7,12,2002,73.4,"Oblivion 1",0
83,"Male",244,245,3,3.65,63,6,23,2001,67,"Oblivion 1",0
84,"Male",246,247,3,5.05,74,6,23,2001,73.4,"Oblivion 1",0
84,"Male",246,247,3,7.1,75,8,14,2001,78.8,"Oblivion 1",0
85,"Female",401,402,4,3.8,65,6,27,2001,68.8,"Oblivion 3",0
85,"Female",401,402,4,4,64,7,8,2001,67.5,"Oblivion 3",0
85,"Female",401,402,4,4.05,65,7,22,2001,67.6,"Oblivion 3",0
85,"Female",401,402,5,3.2,62,5,26,2002,67.6,"Oblivion 3",0
85,"Female",401,402,4,4.28,66,8,6,2001,59.8,"Oblivion 3",0
86,"Female",403,404,1,1.3,"NA",6,30,2001,49.8,"Oblivion 2",0
86,"Female",403,404,1,1.28,44,7,3,2001,48.4,"Oblivion 2",0
86,"Female",403,404,1,2.03,53,7,21,2001,52,"Oblivion 2",0
86,"Female",403,404,1,2.83,53,8,14,2001,54.4,"Oblivion 2",0
86,"Female",403,404,2,2.43,58,6,12,2002,59.4,"Oblivion 2",0
86,"Female",403,404,2,3.51,62,6,17,2002,60.15,"Oblivion 2",0
86,"Female",403,404,1,1.9,45,7,22,2001,53.3,"Oblivion 2",0
86,"Female",403,404,2,3.73,63,7,12,2002,64.9,"Oblivion 2",0
86,"Female",403,404,3,3.3,64,6,6,2003,63.7,"Oblivion 2",0
86,"Female",403,404,3,4.1,67,7,7,2003,66.8,"Oblivion 2",0
86,"Female",403,404,2,2.9,55,6,24,2002,59.5,"Oblivion 2",0
86,"Female",403,404,4,5.03,67,7,22,2004,62.5,"Oblivion 2",0
87,"Male",338,339,0,1.45,44,8,12,2001,50.3,"Camp Creek",1
87,"Male",338,339,1,0.55,43,5,24,2002,47.8,"Camp Creek",1
87,"Male",338,339,1,1.68,56,6,9,2002,49.6,"Camp Creek",1
87,"Male",338,339,1,2.86,53,6,19,2002,57.6,"Camp Creek",1
87,"Male",338,339,1,2.5,54,6,25,2002,59.8,"Camp Creek",1
87,"Male",338,339,2,3.3,61,5,30,2003,69,"Camp Creek",1
87,"Male",338,339,2,4.1,71,6,26,2003,64.1,"Camp Creek",1
87,"Male",338,339,2,4.75,69,7,9,2003,67.1,"Camp Creek",1
87,"Male",338,339,2,4.8,70,7,14,2003,66,"Camp Creek",1
87,"Male",338,339,0,1.7,41,8,5,2001,49.9,"Camp Creek",1
88,"Female",342,343,4,5.05,66.5,8,15,2001,66.8,"West",1
89,"Female",592,594,0,0.53,34,7,17,2004,42.4,"Narnia",1
"8C","Male",521,522,0,0.91,38,7,19,2003,48.2,"Pika Creek",0
"8C","Male",521,522,1,3.48,64,7,21,2004,64.3,"Pika Creek",0
"8F","Female",644,645,1,2.9,60,7,30,2003,48.5,"West",1
"8L","Male",638,639,1,0.85,44,6,14,2004,49.3,"Narnia",1
"8L","Male",638,639,0,0.44,27,8,1,2003,38.6,"Narnia",1
9,"Male",29,30,0,0.35,31,7,13,1999,38.4,"Camp Creek",1
9,"Male",29,30,0,0.48,32,7,21,1999,39.7,"Camp Creek",1
9,"Male",29,30,0,1.65,42,8,27,1999,47,"Camp Creek",1
9,"Male",29,30,1,0.83,37,5,28,2000,46.7,"Camp Creek",1
9,"Male",29,30,1,0.98,43,5,31,2000,47.2,"Camp Creek",1
9,"Male",29,30,0,1.3,40,8,11,1999,44.5,"Camp Creek",1
9,"Male",29,30,1,1.1,40.5,6,9,2000,47.3,"Camp Creek",1
9,"Male",29,30,1,1.25,46,6,20,2000,50.9,"Camp Creek",1
9,"Male",29,30,1,2.3,56,7,17,2000,55.1,"Camp Creek",1
9,"Male",29,30,1,0.98,45,6,2,2000,47.4,"Camp Creek",1
9,"Male",29,30,2,2.75,59,6,19,2001,61.8,"Camp Creek",1
9,"Male",29,30,2,2.85,62,6,25,2001,61.7,"Camp Creek",1
9,"Male",29,30,2,4.23,69,7,21,2001,63.9,"Camp Creek",1
9,"Male",29,30,2,4.8,68,8,5,2001,63.7,"Camp Creek",1
9,"Male",29,30,2,5.25,"NA",8,13,2001,64.4,"Camp Creek",1
9,"Male",29,30,3,5.25,70,7,10,2002,68.4,"Camp Creek",1
9,"Male",29,30,3,4.95,67,6,26,2002,69.3,"Camp Creek",1
9,"Male",29,30,4,4.2,73,6,1,2003,73.2,"Camp Creek",1
9,"Male",29,30,4,4.65,73,6,20,2003,69.1,"Camp Creek",1
9,"Male",29,30,1,2.98,57,7,31,2000,57.6,"Camp Creek",1
90,"Female",312,313,4,4.1,66,7,27,2001,67.7,"unknown",0
91,"Female",314,315,4,4.98,69,7,27,2001,68.1,"unknown",0
92,"Female",473,474,0,5.53,73,8,6,2002,64.13,"West",1
94,"Male",360,359,1,"NA","NA",7,8,2003,54.4,"Oblivion 3",0
94,"Male",360,359,2,4.03,68,7,23,2004,65.2,"Oblivion 3",0
94,"Male",360,359,1,0.3,41,6,5,2003,54.3,"Oblivion 3",0
95,"Female",585,586,3,4.7,80,7,23,2003,75,"West Snowplot",0
95,"Female",585,586,3,"NA","NA",7,16,2004,"NA","West Snowplot",0
96,"Female",361,362,1,0.9,45.5,6,13,2003,47.6,"Oblivion 2",0
96,"Female",361,362,2,3.4,67,7,22,2004,62.4,"Oblivion 2",0
96,"Female",361,362,1,1.8,60,7,19,2003,56,"Oblivion 2",0
99,"Female",541,542,0,0.65,37,7,17,2003,43.9,"Oblivion 1",0
99,"Female",541,542,0,1.56,42,8,11,2003,51.5,"Oblivion 1",0
"9C","Female",523,524,1,3.45,70,7,20,2004,61.7,"Pika Creek",0
"9C","Female",523,524,0,0.83,38,7,19,2003,47.3,"Pika Creek",0
"9H","Female",539,"NA",1,1.05,46.5,6,25,2003,47.8,"West Snowplot",0
"9L","Female",653,654,0,0.8,38,7,28,2004,46.4,"West",1
"9L","Female",653,654,0,1.23,44.5,8,9,2004,49.2,"West",1
"A","Female",53,54,3,4.2,63,8,6,1999,64.2,"K-Talus",1
"A","Female",53,54,3,3.6,62,7,24,1999,61.1,"K-Talus",1
"A1","Male",411,412,0,0.43,27,7,9,2001,41.1,"Camp Creek",1
"A1","Male",411,412,0,0.73,31,7,21,2001,43.9,"Camp Creek",1
"A1","Male",411,412,0,1.43,39,8,5,2001,48.6,"Camp Creek",1
"A1","Male",411,412,0,1.35,46,8,12,2001,46.2,"Camp Creek",1
"A1","Male",411,412,1,1.23,53,5,31,2002,49.6,"Camp Creek",1
"A1","Male",411,412,0,0.95,41,7,30,2001,45,"Camp Creek",1
"A1","Male","NA",412,1,3,55,7,10,2002,60.4,"Camp Creek",1
"A1","Male","NA",412,2,2.18,61,5,22,2003,62.6,"Camp Creek",1
"A1","Male","NA",412,2,2.15,57,5,16,2003,61.5,"Camp Creek",1
"A1","Male",411,412,1,2.76,51.5,6,19,2002,56.2,"Camp Creek",1
"A1","Male","NA",412,2,5,70,7,19,2003,69,"Camp Creek",1
"A1","Male","NA",412,2,3.9,62,7,2,2003,65.9,"Camp Creek",1
"A2","Unknown",413,414,0,0.45,29,7,9,2001,41.6,"Camp Creek",1
"A2","Unknown",413,414,0,0.93,40,7,29,2001,45.4,"Camp Creek",1
"A2","Unknown",319,414,0,0.95,40.5,7,30,2001,46.3,"Camp Creek",1
"A2","Unknown",319,414,0,1.45,44,8,12,2001,51.3,"Camp Creek",1
"A2","Unknown",319,414,0,1.3,33,8,5,2001,50.7,"Camp Creek",1
"A3","Unknown",415,416,0,0.88,33,7,9,2001,46.2,"Camp Creek",1
"A3","Unknown",415,416,0,"NA","NA",7,17,2001,"NA","Camp Creek",1
"A4","Unknown",318,335,0,1.08,41,7,29,2001,45.5,"Camp Creek",1
"A4","Unknown",318,335,0,1.4,41,8,13,2001,47.3,"Camp Creek",1
"A4","Unknown",334,335,0,0.75,37,7,19,2001,45.4,"Camp Creek",1
"A6","Unknown",379,380,0,0.3,29,7,15,2002,31.8,"Oblivion 2",0
"A7","Unknown",383,385,0,0.35,27.5,7,16,2002,22.5,"Oblivion 2",0
"A8","Unknown",388,389,0,0.35,28,7,16,2002,31.3,"Oblivion 2",0
"B","Female",76,77,4,4.95,64,8,6,1999,65.7,"K-Talus",1
"C","Male",94,187,3,5.45,69,8,18,1999,66.4,"West",1
"C","Male",94,187,4,6.83,73,8,19,2000,73.5,"West",1
"C1","Female",434,435,0,0.68,35,7,20,2002,45.8,"West Snowplot",0
"C1","Female",434,435,0,1.5,40,8,15,2002,50.1,"West Snowplot",0
"C2","Female",438,439,0,0.6,32,7,20,2002,45.4,"West Snowplot",0
"C2","Female",438,439,0,1.3,40,8,15,2002,49,"West Snowplot",0
"C3","Male",443,444,0,0.7,34,7,21,2002,48.4,"West Snowplot",0
"C3","Male",443,444,0,0.93,37,8,15,2002,49.6,"West Snowplot",0
"C4","Unknown",460,461,0,1.1,40,8,4,2002,39.9,"West Snowplot",0
"C5","Female",463,464,0,0.98,41,8,5,2002,37.77,"West Snowplot",0
"C5","Female",463,464,0,1.2,40,8,16,2002,47,"West Snowplot",0
"C6","Male",9955,466,0,1.48,41,8,16,2002,50,"West Snowplot",0
"C6","Unknown",465,466,0,1.15,45.5,8,5,2002,40.3,"West Snowplot",0
"C7","Unknown",467,468,0,1.05,45,8,5,2002,40.43,"West Snowplot",0
"C8","Female",9953,9954,0,1.38,40,8,15,2002,49,"West Snowplot",0
"D","Male",5,6,4,5,70,7,5,1999,75.2,"Unknown",0
"D","Male",5,6,4,7.8,78,8,24,1999,73.2,"Unknown",0
"D1","Unknown",226,227,0,0.9,40,8,2,2000,44.6,"Oblivion 2",0
"D1","Unknown",226,227,0,0.85,"NA",8,3,2000,"NA","Oblivion 2",0
"D2","Unknown",228,229,0,1,40,8,3,2000,46.1,"Oblivion 2",0
"D2","Unknown",228,229,0,1.3,38,8,16,2000,49.6,"Oblivion 2",0
"D3","Unknown",230,231,0,0.9,42,8,3,2000,44.9,"Oblivion 2",0
"D4","Male",269,270,0,0.78,37,7,14,2002,45.6,"Narnia",1
"D5","Male",271,272,0,0.4,31,7,15,2002,42.7,"Narnia",1
"D6","Female",273,274,0,0.48,31,7,15,2002,41.5,"Narnia",1
"E","Male",51,52,4,6.85,71,8,18,1999,71.3,"Sched",0
"E","Male",51,52,5,4.1,69,6,1,2000,71.9,"Sched",0
"E","Male",51,52,5,6.73,66,7,27,2000,74.7,"Sched",0
"E","Male",51,52,4,5.9,68,7,22,1999,71.9,"Sched",0
"E","Male",51,52,5,7.45,67,8,17,2000,74.2,"Sched",0
"E1","Female",405,406,0,0.4,26,7,8,2001,41.2,"Narnia",1
"E1","Female",405,406,0,1.05,41,8,4,2001,45.9,"Narnia",1
"E1","Female",405,406,1,1.03,33,5,21,2002,50.8,"Narnia",1
"E1","Female",405,406,1,1.38,45,6,10,2002,51.6,"Narnia",1
"E1","Female",405,406,1,1.5,40,6,10,2002,50.73,"Narnia",1
"E1","Female",405,406,1,1.9,52,6,24,2002,51,"Narnia",1
"E1","Female",405,406,1,1.2,41,5,26,2002,49.7,"Narnia",1
"E1","Female",405,406,1,2.4,51,7,10,2002,54.1,"Narnia",1
"E1","Female",405,406,1,3.9,58,8,11,2002,55.96,"Narnia",1
"E1","Female",405,406,2,2.5,55,5,17,2003,61.3,"Narnia",1
"E1","Female",405,406,2,2.68,55,5,25,2003,61.9,"Narnia",1
"E1","Female",405,406,2,2.8,56,5,30,2003,66,"Narnia",1
"E1","Female",405,406,2,3.5,62,7,11,2003,63.8,"Narnia",1
"E1","Female",405,406,3,3.68,64,6,17,2004,68.8,"Narnia",1
"E1","Female",405,406,1,2.38,57,7,10,2002,58.6,"Narnia",1
"E2","Unknown",407,408,0,0.35,26,7,8,2001,38.9,"Narnia",1
"E3","Male",409,410,0,0.38,25,7,8,2001,39.1,"Narnia",1
"E3","Male",409,410,1,1.25,43,5,30,2002,51.1,"Narnia",1
"E3","Male",409,410,1,1.77,51,6,21,2002,55.8,"Narnia",1
"E3","Male",409,410,1,1.93,47,6,25,2002,56.1,"Narnia",1
"E3","Male",409,410,1,4.33,59,7,10,2002,52.9,"Narnia",1
"E3","Male",409,410,1,1.45,48,6,10,2002,48,"Narnia",1
"E3","Male",409,410,2,2.95,65,5,17,2003,61.3,"Narnia",1
"E3","Male",409,410,2,3.35,68.5,6,23,2003,62.7,"Narnia",1
"E3","Male",409,410,3,4.48,67,6,12,2004,69.02,"Narnia",1
"E3","Male",409,410,1,1.93,47,6,25,2002,60.63,"Narnia",1
"E3","Male",409,410,1,3.98,62,8,11,2002,51.5,"Narnia",1
"E4","Male",595,598,0,0.58,38,7,17,2004,43.1,"Narnia",1
"E5","Male",569,570,0,1.43,47,8,9,2004,47.53,"West",1
"F","Female",112,113,4,6.8,70,8,23,1999,71.9,"unknown",0
"F1","Unknown",213,214,0,0.85,34,7,28,2000,46.8,"Oblivion 2",0
"F1","Unknown",213,214,0,1.4,43,8,18,2000,50.1,"Oblivion 2",0
"F1","Unknown",213,214,0,1.1,45,8,3,2000,47.1,"Oblivion 2",0
"F2","Unknown",232,233,0,0.98,42.5,8,3,2000,46.6,"Oblivion 2",0
"F3","Male",426,427,0,0.4,28,7,15,2002,40.4,"Narnia",1
"F3","Male",426,427,0,"NA","NA",8,8,2002,"NA","Narnia",1
"G","Male",104,105,3,3.75,54.5,6,15,2000,60.1,"K-Talus",1
"G","Male",104,105,3,4,70,6,24,2000,66.3,"K-Talus",1
"G","Male",104,105,2,5.5,65,8,21,1999,67.4,"K-Talus",1
"H","Male",64,65,2,5.75,68,8,4,1999,68.8,"West",1
"H1","Female",219,220,0,0.8,34,8,16,2000,43.2,"Oblivion 2",0
"H2","Unknown",471,472,0,0.6,34.5,7,16,2002,32.6,"West",1
"H2","Unknown",471,472,0,1.2,46.5,8,6,2002,38.43,"West",1
"H3","Unknown",8027,8028,0,1.13,48,8,6,2002,40.17,"West",1
"H3","Unknown",8027,8028,0,"NA","NA",8,16,2002,"NA","West",1
"H4","Male",64,65,0,1.3,45.5,8,6,2002,39.6,"West",1
"I","Female",1,2,4,3.6,69.5,7,5,1999,67.6,"Sched",0
"I","Female",1,2,5,3.5,61,6,6,2000,67.7,"Sched",0
"I","Female",1,2,4,4.8,68,7,29,1999,69.5,"Sched",0
"I","Female",1,2,5,4.9,66,7,10,2000,72.8,"Sched",0
"IT","Male",618,619,1,2.35,60,7,23,2004,57.1,"Pika Creek",0
"J","Female",278,4,4,4.7,65,7,5,1999,72.4,"Narnia",1
"J","Female",278,4,4,5.7,68,7,30,1999,72.5,"Narnia",1
"J","Female",278,4,4,7.2,71,8,27,1999,70.8,"Narnia",1
"J","Female",278,4,5,4.8,62,6,19,2000,77.4,"Narnia",1
"J","Female",278,4,6,4.18,"NA",6,20,2001,69.9,"Narnia",1
"J","Female",278,4,6,4.35,64,6,28,2001,69.1,"Narnia",1
"J","Female",278,4,5,4.25,67,6,1,2000,71.4,"Narnia",1
"J","Female",250,4,6,5.1,67,8,1,2001,69.2,"Narnia",1
"J","Female",250,4,7,4.15,64,5,30,2002,72,"Narnia",1
"J","Female",250,4,7,4.38,70,6,11,2002,71.1,"Narnia",1
"J","Female",250,4,6,4.5,70,7,21,2001,68.5,"Narnia",1
"J","Female",250,4,8,4.58,69,5,25,2003,70.4,"Narnia",1
"J","Female",250,4,8,3.9,70.5,6,22,2003,71.4,"Narnia",1
"J","Female",250,4,7,5.73,66,7,10,2002,70.8,"Narnia",1
"J1","Male",292,291,0,0.45,31,7,10,2001,39.9,"Narnia",1
"J1","Male",292,291,1,1.3,45,6,11,2002,"NA","Narnia",1
"J1","Male",292,291,1,2.08,51,6,25,2002,54.3,"Narnia",1
"J1","Male",292,291,1,2.28,57,7,10,2002,55.3,"Narnia",1
"J1","Male",292,291,2,2.45,60,5,26,2003,61.8,"Narnia",1
"J1","Male",292,291,1,2.64,55,6,21,2002,54.7,"Narnia",1
"J1","Male",292,291,2,3.1,"NA",6,23,2003,60.7,"Narnia",1
"J1","Male",292,291,2,2.9,64.5,6,1,2003,61,"Narnia",1
"J2","Unknown",419,420,0,0.6,31,7,14,2001,44.5,"Narnia",1
"J3","Female",421,422,0,0.53,35,7,14,2001,42.4,"Narnia",1
"J3","Female",320,422,1,1.38,47,6,10,2002,53.4,"Narnia",1
"J3","Female",320,422,1,1.65,56,6,21,2002,45.37,"Narnia",1
"J3","Female",320,422,1,1.78,53,6,24,2002,53.1,"Narnia",1
"J3","Female",320,422,1,2.18,57,7,10,2002,57.5,"Narnia",1
"J3","Female",320,422,1,3.68,54,8,11,2002,57.13,"Narnia",1
"J3","Female",320,422,2,2.45,56,5,25,2003,60.3,"Narnia",1
"J3","Female",320,422,2,2.45,56.5,6,1,2003,60.7,"Narnia",1
"J3","Female",320,422,2,2.95,64.5,6,23,2003,60.3,"Narnia",1
"J3","Female",320,422,3,4.58,61.5,7,4,2004,63.97,"Narnia",1
"J3","Female",320,422,1,1.48,51,6,10,2002,51,"Narnia",1
"J3","Female",320,422,0,1.08,38,8,1,2001,46.7,"Narnia",1
"K","Female",9,10,4,3.4,"NA",7,19,1999,"NA","Camp Creek",1
"K","Female",9,10,4,5.65,67,8,27,1999,63.8,"Camp Creek",1
"K","Female",9,10,6,3.83,"NA",6,25,2001,64.7,"Camp Creek",1
"K","Female",9,10,6,3.75,62,7,5,2001,64.1,"Camp Creek",1
"K","Female",9,10,6,3.85,62,7,30,2001,66.1,"Camp Creek",1
"K","Female",9,10,6,4.58,60,8,5,2001,66.2,"Camp Creek",1
"K","Female",9,10,7,3.83,68,6,9,2002,66.2,"Camp Creek",1
"K","Female",9,10,4,3.2,57,7,8,1999,63.1,"Camp Creek",1
"K","Female",9,10,8,3.88,70,5,23,2003,69.5,"Camp Creek",1
"K","Female",9,10,9,"NA","NA",6,13,2004,"NA","Camp Creek",1
"K","Female",9,10,5,3.3,59,6,20,2000,64.9,"Camp Creek",1
"K1","Unknown",293,294,0,0.38,26,7,12,2001,40.8,"Camp Creek",1
"K1","Unknown",293,294,0,1.23,44,8,12,2001,46.4,"Camp Creek",1
"K1","Unknown",293,294,0,0.75,38,7,30,2001,43.6,"Camp Creek",1
"K2","Female",295,296,0,0.33,27,7,12,2001,39.8,"Camp Creek",1
"K2","Female",295,296,0,1.05,42,8,13,2001,46.9,"Camp Creek",1
"K2","Female",295,296,1,"NA","NA",7,21,2002,"NA","Camp Creek",1
"K2","Female",295,296,0,1.05,41,8,12,2001,47,"Camp Creek",1
"K3","Unknown",423,424,0,0.48,31,7,17,2001,40.8,"Camp Creek",1
"K3","Unknown",423,424,0,0.73,37,7,29,2001,44,"Camp Creek",1
"K3","Unknown",423,424,0,1.15,40.5,8,13,2001,46.2,"Camp Creek",1
"K4","Unknown",328,329,0,0.53,27,7,18,2001,42.8,"Camp Creek",1
"K5","Female",316,317,0,0.7,37,7,29,2001,43.5,"Camp Creek",1
"K5","Female",316,317,0,1.1,43,8,12,2001,44.5,"Camp Creek",1
"K5","Female",316,317,0,1.3,42.5,8,12,2001,46.3,"Camp Creek",1
"K6","Male",500,387,0,1.28,40,8,12,2002,47.4,"Oblivion 2",0
"K6","Unknown",386,387,0,0.55,31.5,7,16,2002,33.7,"Oblivion 2",0
"K7","Female",453,452,0,0.7,39,7,31,2002,38.3,"Oblivion 2",0
"K7","Female",453,452,0,1,39,8,8,2002,42,"Oblivion 2",0
"K7","Female",453,452,0,1.18,39,8,15,2002,46.6,"Oblivion 2",0
"K7","Female",453,452,0,1.08,36,8,12,2002,47,"Oblivion 2",0
"K8","Unknown",456,457,0,0.8,41,8,1,2002,37.4,"Oblivion 2",0
"L","Female",49,50,4,3.3,66,7,20,1999,65.6,"Camp Creek",1
"L","Female",49,50,4,3.1,64,7,30,1999,65.2,"Camp Creek",1
"L","Female",49,50,4,4.95,68,8,27,1999,64.2,"Camp Creek",1
"L1","Unknown",139,140,0,0.38,31.5,7,15,2000,39.6,"West",1
"L2","Female",163,164,3,3.9,63,7,9,2000,"NA","West",1
"L2","Female",163,164,3,4.08,65,7,23,2000,67.4,"West",1
"L2","Female",163,164,3,3.95,60,6,24,2001,69.7,"West",1
"L2","Female",163,164,3,4.35,68,6,30,2001,71.5,"West",1
"L2","Female",163,164,3,6.05,68,7,30,2001,70.5,"West",1
"L2","Female",163,164,3,5.35,69,8,10,2000,71.4,"West",1
"L2","Female",163,164,3,4.8,69,7,1,2003,66,"West",1
"L2","Female",163,164,3,4.25,71,7,16,2003,69,"West",1
"L2","Female",163,164,3,5.2,66,7,30,2003,66.6,"West",1
"L2","Female",163,164,3,4.83,72.5,7,13,2004,70.2,"West",1
"L2","Female",163,164,3,4.8,72,7,19,2004,68.8,"West",1
"L2","Female",163,164,3,4.78,71.5,8,3,2004,70.2,"West",1
"L2","Female",163,164,3,3.45,58.5,6,19,2000,67.7,"West",1
"L2","Female",163,164,3,4,57,6,12,2002,69,"West",1
"L2","Female",163,164,3,3.35,66,6,3,2003,71.1,"West",1
"L3","Unknown",141,142,0,0.33,36.5,7,16,2000,38.6,"West",1
"L3","Unknown",141,142,0,0.53,33,7,23,2000,41.7,"West",1
"L3","Unknown",141,142,0,1.05,45,8,4,2000,46.9,"West",1
"L4","Unknown",143,145,0,0.48,30,7,23,2000,41.4,"West",1
"L4","Unknown",143,145,0,0.98,31,8,11,2000,47.7,"West",1
"L4","Unknown",143,145,0,0.3,32,7,16,2000,38.7,"West",1
"L5","Female",381,382,0,0.6,34.5,7,15,2002,35.5,"Oblivion 3",0
"L5","Female",506,382,1,1.6,49,7,8,2003,53.1,"Oblivion 3",0
"L5","Female",506,382,1,1.9,52,7,12,2003,47.6,"Oblivion 3",0
"L5","Female",506,382,1,2.4,59.5,7,19,2003,56.4,"Oblivion 3",0
"L5","Female",506,382,2,3.95,69,7,21,2004,65.2,"Oblivion 3",0
"L5","Female",506,382,1,0.75,40,6,6,2003,46.1,"Oblivion 3",0
"L6","Female",352,353,0,0.75,43,8,2,2002,39.7,"Oblivion 3",0
"L6","Unknown",352,353,0,0.71,36,7,27,2002,35.8,"Oblivion 3",0
"M","Male",86,87,1,2.9,55,8,11,1999,57.6,"Narnia",1
"M","Male",86,87,2,2.2,58,6,4,2000,60.5,"Narnia",1
"M","Male",86,87,2,2.93,58.5,6,21,2000,60.3,"Narnia",1
"M","Male",86,87,2,4.75,64,8,1,2000,65.2,"Narnia",1
"M","Male",86,87,3,3.7,60,6,28,2001,65.9,"Narnia",1
"M","Male",86,87,2,2.48,56,6,10,2000,61.3,"Narnia",1
"M","Male",86,87,3,4.6,66,7,28,2001,66.6,"Narnia",1
"M","Male",86,87,3,3.95,65,7,5,2001,70.7,"Narnia",1
"M1","Male",458,459,0,1.15,42.5,8,1,2002,40.1,"Oblivion 1",0
"M1","Male",458,459,0,1.45,37,8,12,2002,51.1,"Oblivion 1",0
"M1","Male",357,459,1,1.5,50,6,4,2003,54.8,"Oblivion 1",0
"M1","Male",357,615,2,4.7,69,7,22,2004,70.5,"Oblivion 1",0
"M1","Male",357,459,1,2.3,56,6,21,2003,56.7,"Oblivion 1",0
"ME","Male",507,508,1,1.65,52,6,6,2003,55.9,"Oblivion 1",0
"ME","Male",507,508,1,2.3,58,6,23,2003,59.5,"Oblivion 1",0
"ME","Male",507,508,2,5.13,68,7,22,2004,70.3,"Oblivion 1",0
"N","Male",78,79,2,6.2,68,8,7,1999,68.9,"unknown",0
"O","Female",45,46,4,4,63,7,17,1999,66.8,"Camp Creek",1
"O","Female",45,46,4,5.85,65,8,8,1999,67.4,"Camp Creek",1
"O","Female",45,46,5,4.08,65,7,1,2000,67.4,"Camp Creek",1
"O","Female",45,46,5,4.43,65,7,31,2000,65.4,"Camp Creek",1
"O","Female",45,46,6,3.88,64,7,11,2001,65.3,"Camp Creek",1
"O","Female",45,46,6,4.1,63,7,20,2001,65.9,"Camp Creek",1
"O","Female",45,46,7,4.1,61,5,31,2002,67,"Camp Creek",1
"O","Female",45,46,7,4.28,70,6,9,2002,65,"Camp Creek",1
"O","Female",45,46,7,4.93,63,6,25,2002,68.9,"Camp Creek",1
"O","Female",45,46,7,4.75,72,7,10,2002,62.7,"Camp Creek",1
"O","Female",45,46,4,6.55,62,8,26,1999,69,"Camp Creek",1
"O1","Unknown",199,200,0,0.63,26,7,11,2000,43.9,"Camp Creek",1
"O1","Unknown",199,200,0,1.53,46,8,10,2000,50.2,"Camp Creek",1
"O1","Unknown",199,200,0,1.05,34,7,24,2000,47.9,"Camp Creek",1
"O10","Male",449,450,0,0.53,30,7,22,2002,44.3,"Camp Creek",1
"O10","Male",449,450,0,1.05,40,8,12,2002,48.3,"Camp Creek",1
"O10","Male",449,450,0,1.05,41,8,16,2002,44.9,"Camp Creek",1
"O2","Unknown",207,208,0,1.25,42,7,24,2000,51.3,"Camp Creek",1
"O3","Male",417,418,0,0.65,34,7,14,2001,44.5,"Camp Creek",1
"O3","Male",417,418,0,0.75,34,7,18,2001,44,"Camp Creek",1
"O3","Male",417,418,1,1.03,41,5,19,2002,50.1,"Camp Creek",1
"O3","Male",417,418,1,1.68,50,6,9,2002,51,"Camp Creek",1
"O3","Male",417,418,1,2.99,56.5,6,21,2002,57.6,"Camp Creek",1
"O3","Male",417,418,1,2.95,56,7,10,2002,60.7,"Camp Creek",1
"O3","Male",417,418,1,1.33,43,5,31,2002,51.6,"Camp Creek",1
"O3","Male",417,418,2,2.9,62,5,16,2003,63.3,"Camp Creek",1
"O3","Male",417,418,2,3.1,58,5,30,2003,65,"Camp Creek",1
"O3","Male",417,418,2,4.5,69,7,9,2003,66.8,"Camp Creek",1
"O3","Male",417,418,2,2.93,67,5,22,2003,64.8,"Camp Creek",1
"O4","Unknown",330,331,0,1.5,48,8,12,2001,51.5,"Camp Creek",1
"O4","Unknown",330,331,0,"NA",34,7,18,2001,45.6,"Camp Creek",1
"O5","Male",304,305,0,0.78,36,7,20,2001,45.8,"Camp Creek",1
"O5","Male",304,305,1,1.35,40,5,31,2002,52.6,"Camp Creek",1
"O5","Male",400,305,1,2.69,48,6,19,2002,56.9,"Camp Creek",1
"O5","Male",400,501,2,2.8,54,5,22,2003,64,"Camp Creek",1
"O5","Male",400,501,2,2.75,59,5,16,2003,63,"Camp Creek",1
"O5","Male",400,501,2,3.1,65.5,6,1,2003,62.8,"Camp Creek",1
"O5","Male",400,305,1,2.8,"NA",7,10,2002,61.3,"Camp Creek",1
"O5","Male",400,501,2,4.5,64,7,14,2003,66.1,"Camp Creek",1
"O5","Male",400,501,2,4.45,66,7,20,2003,66.4,"Camp Creek",1
"O5","Male",400,501,2,4.1,64.5,7,9,2003,65.1,"Camp Creek",1
"O6","Unknown",217,218,0,1.23,41,8,11,2000,47.2,"West",1
"O7","Unknown",234,235,0,1.48,48.5,8,10,2000,53.1,"West",1
"O8","Female",445,446,0,0.85,38,8,8,2002,43.7,"Camp Creek",1
"O8","Female",445,446,0,0.68,33,7,22,2002,44.1,"Camp Creek",1
"O9","Female",447,448,0,0.5,32,7,22,2002,43.5,"Camp Creek",1
"O9","Female",447,448,0,0.78,37,8,8,2002,41.63,"Camp Creek",1
"O9","Female",447,448,0,0.95,37,8,12,2002,47.5,"Camp Creek",1
"O9","Female",447,448,0,1.13,38,8,16,2002,45.2,"Camp Creek",1
"O9","Female",447,448,0,1.08,40,8,14,2002,44.2,"Camp Creek",1
"P","Female",55,56,4,3.9,70,7,24,1999,62.8,"H-Talus",0
"P","Female",55,56,4,4,70,8,5,1999,62.9,"H-Talus",0
"P","Female",55,56,4,4.05,68,8,7,1999,63.3,"H-Talus",0
"P","Female",55,56,5,3.75,58,7,9,2000,62.4,"H-Talus",0
"P","Female",55,56,6,3.9,63,7,8,2001,62.8,"H-Talus",0
"P","Female",55,56,6,4.5,67,7,27,2001,64.3,"H-Talus",0
"P","Female",55,56,7,3.43,66,6,12,2002,64,"H-Talus",0
"P","Female",55,56,7,3.9,66.5,7,11,2002,61.9,"H-Talus",0
"P","Female",55,56,7,3.7,68,7,21,2002,63.4,"H-Talus",0
"P","Female",55,56,7,3.58,67,7,30,2002,62.6,"H-Talus",0
"P","Female",55,56,7,4.25,67,8,9,2002,64.2,"H-Talus",0
"P","Female",55,56,8,2.85,70,5,23,2003,61.8,"H-Talus",0
"P","Female",55,56,8,3.1,64.5,6,16,2003,62.9,"H-Talus",0
"P","Female",55,56,8,3.3,63,6,22,2003,62.9,"H-Talus",0
"P","Female",55,56,8,3.65,69,7,25,2003,60.2,"H-Talus",0
"P","Female",55,56,5,3.43,60,7,4,2000,62.9,"H-Talus",0
"P1","Female",390,391,1,0.9,38,6,4,2003,49.4,"Oblivion 2",0
"P1","Female",390,391,1,1.1,48,6,20,2003,51.5,"Oblivion 2",0
"P1","Female",390,391,1,1.2,47,6,23,2003,47,"Oblivion 2",0
"P1","Female",390,391,1,1.5,50,7,7,2003,51.8,"Oblivion 2",0
"P1","Female",390,391,1,1.7,53.5,7,17,2003,53.6,"Oblivion 2",0
"P1","Unknown",390,391,0,0.85,38.5,7,30,2002,40.73,"Oblivion 2",0
"P2","Unknown",392,393,0,0.8,41,7,30,2002,39.3,"Oblivion 2",0
"P3","Male",454,455,0,0.85,40,7,31,2002,39.57,"Oblivion 2",0
"P3","Male",454,455,0,1.33,43,8,13,2002,48.2,"Oblivion 2",0
"P3","Male",454,455,1,2.65,64,7,19,2003,58,"Oblivion 2",0
"P3","Male",454,455,2,4.88,50,7,22,2004,70.6,"Oblivion 2",0
"P3","Male",454,455,1,1.3,52,6,21,2003,50.6,"Oblivion 2",0
"R","Male",88,89,2,4.65,66,8,11,1999,65.8,"Floater",0
"R","Male",88,89,4,4.35,67,6,25,2001,72.2,"Floater",0
"R","Male",88,89,3,3.9,69,7,10,2000,67.1,"Floater",0
"SA","Female",21,22,4,4.1,"NA",7,19,1999,68.1,"Camp Creek",1
"SA","Female",21,22,5,3.45,60,6,6,2000,68,"Camp Creek",1
"SA","Female",21,22,5,3.8,56,6,19,2000,69.7,"Camp Creek",1
"SA","Female",21,22,5,6.25,67,8,21,2000,70.9,"Camp Creek",1
"SA","Female",21,22,6,3.8,65,6,19,2001,66.6,"Camp Creek",1
"SA","Female",21,22,6,3.83,"NA",6,25,2001,67.7,"Camp Creek",1
"SA","Female",21,22,6,3.75,58,7,5,2001,67.5,"Camp Creek",1
"SA","Female",21,22,6,4.03,64,7,20,2001,67,"Camp Creek",1
"SA","Female",21,22,6,4.25,68,7,30,2001,66,"Camp Creek",1
"SA","Female",21,22,6,4.65,69,8,12,2001,66.9,"Camp Creek",1
"SA","Female",21,22,4,3.8,64,7,13,1999,69.5,"Camp Creek",1
"T","Female",118,119,5,3.98,63.5,7,1,2000,67.4,"Camp Creek",1
"T","Female",118,119,5,6.03,64,8,17,2000,70,"Camp Creek",1
"T","Female",118,119,6,4.03,61,6,26,2001,65.2,"Camp Creek",1
"T","Female",118,119,4,6.55,66,8,26,1999,68.4,"Camp Creek",1
"T","Female",118,119,8,3.75,65,5,23,2003,68.2,"Camp Creek",1
"T","Female",118,119,8,4.6,71,7,2,2003,67.6,"Camp Creek",1
"T","Female",118,119,6,4.43,64,7,5,2001,64.6,"Camp Creek",1
"T1","Unknown",137,138,0,0.6,39.5,7,14,2000,44.9,"Camp Creek",1
"T1","Unknown",137,138,0,0.95,35,7,24,2000,47.7,"Camp Creek",1
"T1","Unknown",137,138,0,1.58,47.5,8,10,2000,53.1,"Camp Creek",1
"T1","Unknown",137,138,0,1.08,36,7,28,2000,49.1,"Camp Creek",1
"T10","Unknown",8048,8047,0,1.18,40,8,15,2002,42.9,"Camp Creek",1
"T10","Unknown",8048,8047,1,1.05,45,6,16,2003,53.1,"Camp Creek",1
"T11","Unknown",8050,8049,1,"NA","NA",7,13,2003,"NA","Camp Creek",1
"T11","Unknown",8050,8049,0,1.5,43,8,15,2002,44.7,"Camp Creek",1
"T2","Female",209,210,0,1.03,37,7,28,2000,46.9,"Camp Creek",1
"T2","Female",209,210,1,1.35,46,6,19,2001,54.4,"Camp Creek",1
"T2","Female",209,210,1,1.68,46,7,5,2001,52.2,"Camp Creek",1
"T2","Female",209,210,1,2.35,50,7,20,2001,54.8,"Camp Creek",1
"T2","Female",209,210,1,2.58,55,7,30,2001,55.1,"Camp Creek",1
"T2","Female",209,210,1,3.03,61,8,12,2001,54.1,"Camp Creek",1
"T2","Female",209,210,2,"NA",48,5,20,2002,55.02,"Camp Creek",1
"T2","Female",209,210,2,2.4,54,5,31,2002,58.7,"Camp Creek",1
"T2","Female",209,210,2,3.85,60,7,10,2002,63.4,"Camp Creek",1
"T2","Female",209,210,2,4.93,67,8,6,2002,61.87,"Camp Creek",1
"T2","Female",209,210,3,3.9,65,6,22,2003,"NA","Camp Creek",1
"T2","Female",209,210,3,4.3,68,7,6,2003,66.8,"Camp Creek",1
"T2","Female",209,210,4,4.2,65,6,12,2004,71.55,"Camp Creek",1
"T2","Female",209,210,2,2.6,59,6,9,2002,62.5,"Camp Creek",1
"T2","Female",209,210,1,1.48,50,6,25,2001,51.2,"Camp Creek",1
"T3","Male",201,202,0,0.6,31.5,7,17,2000,45.3,"Camp Creek",1
"T3","Male",201,202,0,1.38,37,8,17,2000,51.3,"Camp Creek",1
"T3","Male",201,202,1,1.35,42,6,19,2001,52.8,"Camp Creek",1
"T3","Male",201,202,1,1.38,43,6,25,2001,40.7,"Camp Creek",1
"T3","Male",201,202,1,1.55,45,7,5,2001,53.6,"Camp Creek",1
"T3","Male",201,202,1,2.15,48,7,21,2001,56.8,"Camp Creek",1
"T3","Male",201,202,1,3.23,56,8,13,2001,59.9,"Camp Creek",1
"T3","Male",201,202,0,1.15,38,8,3,2000,48.1,"Camp Creek",1
"T4","Unknown",332,333,0,0.73,32,7,19,2001,46,"Camp Creek",1
"T4","Unknown",332,333,0,0.8,36,7,20,2001,45.8,"Camp Creek",1
"T4","Unknown",332,333,0,1.53,43.5,8,12,2001,46.7,"Camp Creek",1
"T5","Male",299,298,0,0.58,32,7,12,2001,43.3,"Camp Creek",1
"T5","Male",299,298,0,0.75,35,7,20,2001,46,"Camp Creek",1
"T5","Male",299,298,0,1.03,40,7,29,2001,47.3,"Camp Creek",1
"T5","Male",299,298,0,1.5,48,8,12,2001,51.4,"Camp Creek",1
"T6","Male",300,301,0,0.83,37,7,20,2001,44.9,"Camp Creek",1
"T6","Male",300,301,0,1.13,42,7,28,2001,46.2,"Camp Creek",1
"T6","Male",300,301,1,1.13,41,5,20,2002,50.5,"Camp Creek",1
"T6","Male",300,301,0,0.6,33,7,13,2001,43,"Camp Creek",1
"T7","Male",482,483,1,1.05,44.5,5,23,2003,50,"Camp Creek",1
"T7","Male",482,483,1,1.55,52,6,16,2003,54.3,"Camp Creek",1
"T7","Male",482,483,0,0.75,35,7,25,2002,46.2,"Camp Creek",1
"T8","Male",484,485,0,0.75,37,7,25,2002,45.1,"Camp Creek",1
"T9","Female",486,487,0,1.2,43,8,15,2002,44,"Camp Creek",1
"T9","Female",486,487,1,1.25,46.5,6,16,2003,51.4,"Camp Creek",1
"T9","Female",486,487,0,0.68,37,7,25,2002,43.7,"Camp Creek",1
"U","Female",223,107,4,6.35,66,8,21,1999,66.4,"K-Talus",1
"U","Female",223,107,5,3.33,70,6,24,2000,65.8,"K-Talus",1
"U","Female",223,107,5,4.25,65.5,8,4,2000,66.1,"K-Talus",1
"U","Female",223,107,5,5.7,62,8,20,2000,66.7,"K-Talus",1
"U","Female",223,107,6,3.6,61,6,20,2001,65.2,"K-Talus",1
"U","Female",223,107,6,3.93,64,6,23,2001,62,"K-Talus",1
"U","Female",223,107,6,3.65,63,6,28,2001,64.8,"K-Talus",1
"U","Female",223,107,6,4.05,64,7,7,2001,63.6,"K-Talus",1
"U","Female",223,107,6,4.65,64,7,26,2001,67.4,"K-Talus",1
"U","Female",223,107,7,3.35,59,6,11,2002,65.6,"K-Talus",1
"U","Female",223,442,7,4.65,64,7,21,2002,66.3,"K-Talus",1
"U","Female",223,442,7,4.65,64,7,30,2002,66,"K-Talus",1
"U","Female",223,442,8,2.6,68,5,30,2003,63.8,"K-Talus",1
"U","Female",223,442,8,4.35,66,7,1,2003,65.1,"K-Talus",1
"U","Female",223,107,5,3.5,64,6,15,2000,65.4,"K-Talus",1
"U1","Male",195,196,0,0.4,27.5,7,15,2000,38.2,"K-Talus",1
"U1","Male",195,196,0,0.73,32,7,27,2000,45.1,"K-Talus",1
"U1","Male",195,196,0,1.43,40,8,21,2000,50.3,"K-Talus",1
"U1","Male",195,196,1,1.35,44,6,20,2001,41.4,"K-Talus",1
"U1","Male",195,196,1,1.53,47,7,7,2001,51,"K-Talus",1
"U1","Male",195,196,1,1.48,48,7,9,2001,56.9,"K-Talus",1
"U1","Male",195,196,1,1.85,51,7,19,2001,52.8,"K-Talus",1
"U1","Male",195,196,1,2.13,58,7,27,2001,53,"K-Talus",1
"U1","Male",195,196,1,3.05,60,8,15,2001,57.1,"K-Talus",1
"U1","Male",195,196,2,1.98,65,5,29,2002,58.3,"K-Talus",1
"U1","Male",195,196,2,2.5,51,6,11,2002,61.1,"K-Talus",1
"U1","Male",195,196,2,3.45,58,6,22,2002,57.93,"K-Talus",1
"U1","Male",195,196,0,0.33,26,7,8,2000,39.2,"K-Talus",1
"U1","Male",195,196,2,5.35,69,8,9,2002,53.47,"K-Talus",1
"U1","Male",195,196,3,3.1,64,5,29,2003,66.9,"K-Talus",1
"U1","Male",195,196,3,4,68.5,6,16,2003,66.3,"K-Talus",1
"U1","Male",195,196,3,4.3,67,6,20,2003,"NA","K-Talus",1
"U1","Male",195,196,3,6.8,68,8,11,2003,74,"K-Talus",1
"U1","Male",195,196,2,3.3,56,6,28,2002,50.3,"K-Talus",1
"U10","Female",440,441,0,0.75,33,7,21,2002,43.6,"K-Talus",1
"U10","Female",440,441,1,0.9,42,5,28,2003,50.2,"K-Talus",1
"U10","Female",440,441,1,1.05,49.5,7,1,2003,52.8,"K-Talus",1
"U10","Female",440,441,2,5.65,72,7,24,2004,65.1,"K-Talus",1
"U10","Female",440,441,1,3.85,62,8,11,2003,62.3,"K-Talus",1
"U11","Unknown",494,495,0,1.08,43,8,1,2002,44.1,"K-Talus",1
"U11","Unknown",494,495,1,1.3,49.5,6,16,2003,51.3,"K-Talus",1
"U11","Unknown",576,495,2,4.95,72,7,26,2004,70.3,"K-Talus",1
"U11","Unknown",494,495,1,2.05,50,6,20,2003,56,"K-Talus",1
"U2","Unknown",188,189,0,0.43,28,7,11,2000,41.3,"K-Talus",1
"U2","Unknown",188,189,0,0.68,29,7,25,2000,43.5,"K-Talus",1
"U2","Unknown",188,189,0,0.35,28,7,8,2000,39.7,"K-Talus",1
"U3","Unknown",191,192,0,0.38,24.5,7,9,2000,40.1,"K-Talus",1
"U3","Unknown",191,192,0,0.65,32,7,22,2000,42.5,"K-Talus",1
"U3","Unknown",191,192,0,0.83,32,7,25,2000,43.7,"K-Talus",1
"U4","Male",193,194,0,0.35,25,7,9,2000,39.3,"K-Talus",1
"U4","Male",193,194,0,0.45,30,7,17,2000,40.6,"K-Talus",1
"U4","Male",193,194,0,0.58,31,7,22,2000,42.3,"K-Talus",1
"U4","Male",193,194,1,1.68,43,6,23,2001,42.7,"K-Talus",1
"U4","Male",193,194,1,1.73,50,6,29,2001,56.6,"K-Talus",1
"U4","Male",193,194,1,1.95,48,7,7,2001,53.3,"K-Talus",1
"U4","Male",193,194,0,1.3,41.5,8,11,2000,49.6,"K-Talus",1
"U4","Male",193,194,1,2.9,55,7,28,2001,57.9,"K-Talus",1
"U4","Male",193,194,1,3.58,64.5,8,15,2001,60.5,"K-Talus",1
"U4","Male",193,194,2,2.53,55,5,29,2002,61.3,"K-Talus",1
"U4","Male",193,194,2,2.93,56,6,11,2002,61.6,"K-Talus",1
"U4","Male",193,194,2,5.45,70,8,1,2002,64.2,"K-Talus",1
"U4","Male",193,194,2,6.03,66,8,13,2002,66.4,"K-Talus",1
"U4","Male",193,194,1,2.5,"NA",7,19,2001,55.8,"K-Talus",1
"U5","Female",302,303,0,0.73,34,7,19,2001,42.3,"K-Talus",1
"U5","Female",302,303,0,1.05,55,7,28,2001,46.6,"K-Talus",1
"U5","Female",302,367,1,3.83,61,8,9,2002,60.53,"K-Talus",1
"U5","Female",302,367,2,2.9,62,6,16,2003,62.1,"K-Talus",1
"U5","Female",302,303,1,2.05,47,6,22,2002,55.63,"K-Talus",1
"U6","Male",336,337,0,1,37,7,27,2001,49.6,"K-Talus",1
"U6","Male",336,337,1,2.15,53,6,22,2002,56.17,"K-Talus",1
"U6","Male",336,337,1,3.78,63,7,22,2002,61.5,"K-Talus",1
"U6","Male",336,337,2,4.1,66.5,7,1,2003,66,"K-Talus",1
"U6","Male",336,337,1,1.5,46,6,11,2002,54.2,"K-Talus",1
"U7","Female",261,262,0,0.43,30,7,13,2002,41.2,"K-Talus",1
"U7","Female",261,262,0,1.43,42,8,9,2002,44.53,"K-Talus",1
"U7","Female",261,262,1,1.5,54.5,6,20,2003,53.2,"K-Talus",1
"U7","Female",261,262,1,3.9,61,8,11,2003,61.5,"K-Talus",1
"U7","Female",261,262,0,1.1,41,8,1,2002,42.3,"K-Talus",1
"U7","Female",623,262,2,4.95,77,7,25,2004,65.5,"K-Talus",1
"U8","Male",263,264,0,0.53,33,7,14,2002,42.1,"K-Talus",1
"U8","Male",263,264,0,0.83,39,7,23,2002,45.1,"K-Talus",1
"U8","Male",263,264,0,1.05,43,8,1,2002,43.3,"K-Talus",1
"U8","Male",263,264,1,1.9,53,7,1,2003,55.4,"K-Talus",1
"U8","Male",540,561,2,6.1,67,7,25,2004,70.3,"K-Talus",1
"U8","Male",263,264,1,1,44,5,29,2003,47.5,"K-Talus",1
"U9","Female",265,266,0,0.48,32,7,14,2002,41.3,"K-Talus",1
"U9","Female",265,266,1,1,45,5,30,2003,48.7,"K-Talus",1
"U9","Female",265,266,1,1.9,53,7,1,2003,52.6,"K-Talus",1
"U9","Female",265,266,2,5.03,73,7,26,2004,66.2,"K-Talus",1
"V1","Male",476,477,0,0.65,40,7,22,2002,43.9,"H-Talus",0
"V1","Male",476,477,0,1.38,45,8,15,2002,47.3,"H-Talus",0
"V1","Male",476,622,2,4.63,72,7,25,2004,70.8,"H-Talus",0
"V1","Male",476,477,1,1.05,48.5,6,16,2003,50.2,"H-Talus",0
"V2","Female",478,479,0,0.53,32,7,22,2002,43,"H-Talus",0
"V2","Female",478,479,0,1.2,45,8,15,2002,43.3,"H-Talus",0
"V2","Female",478,479,1,1.05,46,6,16,2003,49.9,"H-Talus",0
"V2","Female",478,479,1,3.04,58,8,9,2003,58.6,"H-Talus",0
"V2","Female",620,479,2,4,65,7,25,2004,68.2,"H-Talus",0
"V2","Female",478,479,1,0.7,40,5,26,2003,49.2,"H-Talus",0
"V3","Male",354,355,0,0.83,41,7,30,2002,43.6,"H-Talus",0
"V3","Male",510,621,2,4.65,72,7,25,2004,64,"H-Talus",0
"V3","Male",354,355,1,1.15,48.5,6,16,2003,51.5,"H-Talus",0
"V4","Female",496,497,0,0.88,42,8,1,2002,40,"H-Talus",0
"V4","Male",496,497,0,1.25,43,8,13,2002,44.93,"H-Talus",0
"V5","Female",369,368,0,1.2,41,8,13,2002,42.9,"H-Talus",0
"V5","Unknown",369,368,0,1,43,8,9,2002,47.73,"H-Talus",0
"VG","Male","NA",340,6,6.9,69,8,12,2001,73.1,"H-Talus",0
"W","Female",128,75,3,4.85,64,8,6,1999,61.6,"K-Talus",1
"W","Female",128,75,4,3.65,60.5,6,16,2000,65.2,"K-Talus",1
"W1","Unknown",326,327,0,1.23,38,7,31,2001,51.1,"Pika Creek",0
"W1","Unknown",326,327,0,2.58,45,8,14,2001,53.4,"Pika Creek",0
"W1","Unknown",326,327,0,0.95,35,7,17,2001,49.1,"Pika Creek",0
"X","Male",92,93,2,5.45,69,8,18,1999,66.4,"West Snowplot",0
"X","Male",92,93,3,6.5,73,8,20,2000,74.2,"West Snowplot",0
"X","Male",92,93,4,4.5,66,6,24,2001,73,"West Snowplot",0
"X","Male",92,93,4,6.25,74,7,31,2001,75.1,"West Snowplot",0
"X","Male",92,93,3,5.1,69,7,22,2000,72.6,"West Snowplot",0
"X","Male",436,437,5,7.55,70,8,15,2002,77.2,"West Snowplot",0
"X","Male",436,437,6,4.15,73,6,4,2003,77.2,"West Snowplot",0
"X","Male",436,437,5,6.65,35,7,20,2002,76.1,"West Snowplot",0
"X1","Female",306,307,0,0.55,33,7,23,2001,41.3,"Oblivion 3",0
"X1","Female",306,349,1,0.93,45,6,12,2002,47.2,"Oblivion 3",0
"X2","Male",308,309,0,1.13,42,8,14,2001,47.3,"Oblivion 3",0
"X2","Male",308,309,1,2.03,53,7,12,2002,55.3,"Oblivion 3",0
"X2","Male",308,309,1,2.6,56.5,7,27,2002,57.77,"Oblivion 3",0
"X2","Male",308,309,1,2.88,59,8,2,2002,55.65,"Oblivion 3",0
"X2","Male",308,509,2,2.08,63,6,6,2003,59.8,"Oblivion 3",0
"X2","Male",308,509,2,2.6,56,6,16,2003,57.6,"Oblivion 3",0
"X2","Male",308,509,2,2.8,56,6,21,2003,60,"Oblivion 3",0
"X2","Male",308,309,0,0.68,36,7,23,2001,43.6,"Oblivion 3",0
"XX10","Unknown","NA","NA",0,0.33,30,7,14,2002,38.8,"Narnia",1
"Y","Female",72,73,3,4.35,59,8,6,1999,62.7,"K-Talus",1
"Y","Female",72,73,3,4.8,64,8,21,1999,62.4,"K-Talus",1
"Y","Female",72,73,5,3.93,66,6,27,2001,68,"K-Talus",1
"Y","Female",72,73,4,5.45,63,8,21,2000,65.6,"K-Talus",1
"Y1","Female",428,429,0,0.65,36,7,17,2002,45.8,"West",1
"Y1","Female",428,429,1,3.1,60,7,30,2003,59.5,"West",1
"Y1","Female",646,429,2,5.18,73.5,8,7,2004,67.9,"West",1
"Y1","Female",428,429,1,3.4,62,8,8,2003,62,"West",1
"Y2","Male",430,431,0,0.73,36,7,17,2002,46.2,"West",1
"Y3","Male",488,489,0,1.05,38,7,26,2002,46.8,"West",1
"Y3","Male",488,489,0,2.23,46,8,16,2002,51.4,"West",1
"Y4","Female",490,491,0,1.25,45,8,2,2002,40.17,"West",1
"Y4","Female",490,491,0,1,41,7,26,2002,47,"West",1
"Y5","Male",492,493,0,0.78,38,7,26,2002,44.8,"West",1
"Y5","Male",492,493,0,1,45,8,5,2002,39.87,"West",1
"Y5","Male",492,493,0,1.48,40,8,16,2002,49.4,"West",1
"Y6","Unknown",469,470,0,1.35,40.5,8,5,2002,40.3,"West",1
"Z","Male",114,115,4,6.75,69,8,24,1999,74.9,"Sched",0
"Z","Male",114,115,5,"NA","NA",7,27,2000,"NA","Sched",0
"osat","Unknown",15,16,0,0.3,28,7,12,1999,39.7,"Camp Creek",1
"osat","Unknown",61,16,0,0.87,35,7,30,1999,45.3,"Camp Creek",1
"osat","Unknown",61,16,0,1.66,42,8,27,1999,49.9,"Camp Creek",1
"sad face","Female",110,111,4,6.05,68,8,22,1999,69.7,"West",1
"sad face","Female",110,111,5,3.3,61,6,19,2000,66.7,"West",1
"sad face","Female",110,111,6,5.7,69,7,30,2001,69.4,"West",1
"sad face","Female",110,111,7,4.63,72,7,23,2002,67.8,"West",1
"sad face","Female",110,111,8,6.2,70,7,30,2003,67.7,"West",1
"sad face","Female",110,111,5,5.63,68.5,8,10,2000,70.8,"West",1
"shit","Male",11,12,4,5.1,70,7,9,1999,75.8,"West",1
"smiley face","Male",108,109,3,6.73,68,8,11,2000,73.4,"West",1
"smiley face","Male",108,109,2,6.15,67,8,22,1999,70.3,"West",1
"spot","Male",7,8,4,5.3,69,7,6,1999,76.9,"unknown",0
"spot","Male",7,8,4,5.55,"NA",7,14,1999,"NA","unknown",0
"undyed2","Unknown",282,"NA",3,5.38,"NA",7,2,2001,71.6,"Oblivion 2",0
"xx1","Unknown",35,36,0,0.6,32,7,15,1999,43.8,"Sched",0
"xx2","Unknown",37,38,0,0.55,30,7,15,1999,41.9,"Sched",0
"xx3","Unknown",39,40,0,0.63,31,7,15,1999,44.4,"Sched",0
"xx3","Unknown",39,40,0,2.2,42,8,24,1999,53.9,"Sched",0
"xx4","Unknown",41,42,0,2,47,8,23,1999,50.5,"Sched",0
"xx4","Unknown",41,42,0,0.65,33,7,17,1999,43.4,"Sched",0
"xx5","Female",43,44,0,0.98,37,7,17,1999,47.9,"Camp Creek",1
"xx5","Female",43,44,0,2.1,46,8,8,1999,52.5,"Camp Creek",1
"xx7","Unknown",59,60,0,0.86,35,7,29,1999,46.3,"Oblivion 2",0
"xx8","Male",116,117,4,7.15,70,8,24,1999,74.3,"Pika Creek",0
"xx9","Male",70,71,0,1,36,8,5,1999,45.7,"H-Talus",0
70,"Female",102,103,3,4.8,,7,26,2007,"NA","West",1
70,"Female",102,103,3,"NA",,8,1,2007,"NA","West",1
"-","Female",536,560,3,5.67,,7,2,2007,"NA","K-Talus",1
"1L","Female",515,516,3,4.64,,7,25,2007,68.85,"West",1
"J3","Female",320,8009,3,0,,7,25,2007,"NA","Narnia",1
"T2","Female",209,210,3,5.06,,7,18,2007,"NA","Camp Creek",1
"T2","Female",209,210,3,0,,7,2,2007,"NA","K-Talus",1
"U11","Female",494,495,3,5.2,,7,2,2007,69.4,"K-Talus",1
"U7","Female",623,262,3,4.6,,7,25,2007,"NA","Narnia",1
"vp03","Male",8005,8006,1,1.9,57,8,14,2007,58.4,"Camp Creek",1
"vp03","Male",8003,8004,1,0,,7,2,2007,"NA","Narnia",1
"vp03","Male",8005,8006,1,2,,7,2,2007,"NA","Camp Creek",1
"vp04","Male",8007,8008,1,2.18,,7,2,2007,"NA","Camp Creek",1
"vp04","Male",8007,8008,1,3.53,,7,4,2007,"NA","Narnia",1
"vp04","Male",8007,8008,1,4.4,,7,14,2007,"NA","Camp Creek",1
"vp05","Female",8003,8004,2,3.68,58,7,4,2007,66.2,"Narnia",1
"vp05","Female",8003,8004,2,3.3,,7,4,2007,"NA","Narnia",1
"vp05","Female",8003,8004,2,3.7,,7,13,2007,"NA","Narnia",1
"vp05","Female",8003,8004,2,0,,7,14,2007,"NA","Narnia",1
"vp07","Male",8013,8014,1,1.7,50,7,22,2007,50,"Narnia",1
"vp07","Male",8013,8014,1,0,,7,30,2007,"NA","Narnia",1
"vp07","Male",8013,8014,1,0,,7,18,2007,"NA","Narnia",1
"vp07","Male",8013,8014,1,2.75,,7,20,2007,"NA","Narnia",1
"vp08","Unknown",8015,".",2,0,,8,1,2007,"NA","Camp Creek",1
"vp09","Unknown",8017,8018,1,1.75,"?",8,19,2007,"NA","Narnia",1
"vp10","Unknown",8016,".",2,3.55,60,7,13,2007,65,"Narnia",1
"vp10","Unknown",8016,8031,2,3.2,,7,13,2007,"NA","Camp Creek",1
"vp10","Unknown",8016,8031,2,4,,7,13,2007,"NA","Camp Creek",1
"vp11","Female",".",677,1,"NA",,7,14,2007,"NA","Narnia",1
"vp11","Female",8029,677,1,1.8,52,7,10,2007,58,"Narnia",1
"vp11","Female",8029,677,1,2.4,,7,18,2007,"NA","Narnia",1
"vp11","Female",8029,677,1,2.53,59,7,10,2007,75.75,"Narnia",1
"vp11","Female",8029,677,1,3.05,,7,18,2007,"NA","Narnia",1
"vp13","Female",684,685,1,1.65,41,7,10,2007,53.6,"West",1
"vp13","Female",684,685,1,1.8,,7,10,2007,"NA","West",1
"vp13","Female",684,685,1,2,,7,18,2007,"NA","K-Talus",1
"6C","Male",656,"?",3,0,,7,25,2007,"NA","West",1
"vp16","Male",8019,".",1,2.2,,7,13,2007,60.6,"West",1
"vp16","Male",8019,".",1,2.9,,7,14,2007,"NA","West",1
"vp17","Female",8020,".",1,2.03,57,7,30,2007,57.4,"West",1
"vp17","Female",8020,".",1,"NA",,7,14,2007,"NA","West",1
"vp17","Female",8020,".",1,4,,7,14,2007,"NA","West",1
"T2","Female",209,210,3,4.65,58.5,7,30,2007,72.25,"Camp Creek",1
"T2","Female",209,210,3,4.72,,7,17,2007,"NA","Camp Creek",1
"T2","Female",209,210,3,0,,7,20,2007,"NA","Camp Creek",1
"vp19","Male",".",9957,3,4.4,66,7,26,2007,74.85,"Camp Creek",1
"vp19","Male",".",9957,3,5.2,,8,3,2007,"NA","Camp Creek",1
"vp21","Male",".",8030,1,2.5,57,7,18,2007,59.5,"Narnia",1
"vp21","Male",".",8030,1,2.8,,7,18,2007,"NA","Narnia",1
"U9","Female",265,8041,3,4.2,66,7,20,2007,66.6,"K-Talus",1
"U9","Female",265,8041,3,4.35,,7,26,2007,"NA","K-Talus",1
"vp23","Male",8042,8043,3,4.4,68,7,20,2007,67.9,"K-Talus",1
"vp23","Male",8042,8043,3,4.5,,7,25,2007,"NA","K-Talus",1
"vp23","Male",8042,8043,3,6,,7,26,2007,"NA","K-Talus",1
"U7","Female",623,262,3,4.3,59,7,30,2007,67.1,"Narnia",1
"vp25","Female",8032,8033,1,2.3,,7,30,2007,57,"Narnia",1
"vp25","Female",8032,8033,1,2.28,,8,1,2007,"NA","Narnia",1
"vp25","Female",8032,8033,1,2.88,,8,3,2007,"NA","K-Talus",1
"vp26","Female",657,658,0,0.62,,8,1,2007,44.7,"K-Talus",1
"vp26","Female",657,658,0,1.5,,8,3,2007,"NA","K-Talus",1
"vp27","Female",".",659,2,3.1,,8,3,2007,67.7,"Camp Creek",1
"vp27","Female",".",659,2,3.5,,8,10,2007,"NA","Camp Creek",1
"vp27","Female",".",659,2,3.68,,8,10,2007,"NA","K-Talus",1
"J3","Female",320,".",3,5.2,,8,10,2007,"NA","Narnia",1
"vp29","Male",9951,9952,3,6.68,,8,19,2007,84.4,"Narnia",1
"vp29","Male",9951,9952,3,6.75,,7,20,2007,"NA","Narnia",1
"7K","Female",".",".",3,4.2,64.5,7,26,2007,70.8,"West",1
"7K","Female",,,3,4.55,,7,22,2007,"NA","West",1
"7K","Female",,,3,0,,8,3,2007,"NA","West",1
"7K","Female",,,3,5.19,,8,10,2007,"NA","West",1
"vp31","Female",663,664,3,5.65,69,8,11,2007,72.5,"K-Talus",1
"vp31","Female",".",664,3,6.5,,7,18,2007,"NA","K-Talus",1
"vp32","Male",665,666,1,2.83,55,7,23,2007,63.45,"K-Talus",1
"vp33","Male",667,668,1,2.6,55.5,8,10,2007,60.9,"West",1
"vp33","Male",667,668,1,3.15,,6,4,2007,"NA","West",1
"vp34","Male",669,670,1,2.8,,6,18,2007,"NA","West",1
"vp35","Male",671,672,0,0.95,34,6,16,2007,44,"K-Talus",1
"vp37","Male",673,674,0,1.01,39,6,21,2007,50,"West",1
"vp39","Female",600,4,0,1.35,,7,18,2007,50.95,"K-Talus",1
"vp40","Unknown",2,3,0,"NA",36,7,23,2007,49.33,"K-Talus",1
"vp40","Unknown",2,3,0,1.41,,8,2,2007,"NA","K-Talus",1
"vp41","Female",0,19,0,1.2,44,6,3,2007,47.2,"West",1
"vp41","Female",0,19,0,1.19,,6,15,2007,"NA","West",1
"vp42","Female",14,23,0,1.12,40,6,20,2007,51.9,"West",1
"vp43","Female",22,24,0,1.4,40,7,22,2007,51.3,"West",1
"vp44","Male",7,16,0,1.41,39,6,3,2007,53.45,"West",1
"vp45","Female",20,6,0,1.48,42,6,3,2007,49.3,"K-Talus",1
"vp46","Male",1,12,0,1.78,45,6,17,2007,55.9,"K-Talus",1
"vp48","Female",10,700,0,1.58,,7,17,2007,53.55,"K-Talus",1
"vp49","Female",8021,686,0,1.28,36,8,1,2007,51.1,"K-Talus",1
"vp50","Unknown",65,52,0,1.49,,6,3,2007,51.6,"K-Talus",1
"vp51","Female",60,57,0,1.75,,7,17,2007,53.35,"K-Talus",1
"vp53","Female",72,53,0,1.9,41,6,20,2007,54,"West",1
"Y1","Female",646,429,3,5.05,72,7,31,2007,71.85,"West",1
"Y1","Female",646,429,3,0,,8,2,2007,"NA","West",1
"Y1","Female",646,429,3,5.85,,8,11,2007,"NA","West",1
"Y1","Female",646,429,3,6,,8,11,2007,"NA","West",1
28,"Female",503,"-",3,3.6,62,8,11,2008,69.9,"Camp Creek",1
28,"Female",503,"-",3,0,,6,3,2008,"NA","Narnia",1
70,"Female",102,103,3,"NA",,6,17,2008,"NA","West",1
91,"Female",782,315,3,"NA",74,6,4,2008,74.4,"Camp Creek",1
"-","Female",536,560,3,5.55,65,6,18,2008,73.7,"K-Talus",1
"-","Female",536,560,3,5.4,,8,10,2008,"NA","K-Talus",1
"1L","Female",515,516,3,"NA",,6,4,2008,"NA","West",1
"7H","Male",624,625,3,4.5,64,6,17,2008,77.15,"West",1
"7H","Male",624,625,3,4.1,,7,17,2008,"NA","West",1
"U11","Female",576,495,3,3.85,59,6,20,2008,69.63,"K-Talus",1
"U11","Female",576,495,3,3.85,,7,22,2008,"NA","K-Talus",1
"U11","Female",576,495,3,4,,6,17,2008,"NA","K-Talus",1
"U11","Female",576,495,3,4.65,,6,20,2008,"NA","K-Talus",1
"U11","Female",576,495,3,4.9,,7,17,2008,"NA","K-Talus",1
"U11","Female",576,495,3,5.15,,8,1,2008,"NA","K-Talus",1
"vp03","Male",8005,8006,2,2.9,57,8,10,2008,66.3,"Narnia",1
"vp03","Male","A8005","A8006",2,3.4,,8,10,2008,"NA","Camp Creek",1
"vp03","Male",8005,8006,2,3.5,,6,16,2008,"NA","Camp Creek",1
"vp03","Male",8005,8006,2,4.9,,6,21,2008,"NA","Camp Creek",1
"vp04","Male","A8007","A8008",2,3.35,65,7,18,2008,70.2,"Camp Creek",1
"vp05","Female",8003,8004,3,3.6,58,7,23,2008,67.7,"Narnia",1
"vp05","Female","A8003","A8004",3,3.83,,7,31,2008,"NA","Narnia",1
"vp05","Female",8003,8004,3,4.7,,6,17,2008,"NA","Narnia",1
"vp05","Female",8003,8004,3,5.3,,7,21,2008,"NA","Narnia",1
"vp07","Male","A8013","A8014",2,3.45,63,7,27,2008,67.5,"Narnia",1
"vp07","Male",8013,8014,2,5,,7,31,2008,"NA","Narnia",1
"vp10","Unknown",8016,8031,3,"NA",61,8,2,2008,57.9,"Camp Creek",1
"vp100","Female",769,770,0,"NA",41,6,16,2008,52,"West",1
"vp101","Female",773,774,0,"NA",41.5,8,17,2008,50.2,"West",1
"vp102","Female",784,785,0,"NA",31.5,6,4,2008,52.73,"Camp Creek",1
"vp103","Male",786,787,0,"NA",30.5,6,4,2008,48.87,"Narnia",1
"vp104","Female",788,789,0,"NA",36,6,18,2008,45.47,"Narnia",1
"vp11","Female",8029,677,2,2.7,54.5,7,21,2008,64.5,"Narnia",1
"vp11","Female",8029,677,2,3.1,,7,27,2008,"NA","Narnia",1
"vp16","Male","A8019",732,2,2.85,58,7,27,2008,66.63,"West",1
"vp16","Male",8019,732,2,3.45,,8,10,2008,"NA","West",1
"6C","Male","?","?",3,"NA",,6,17,2008,"NA","West",1
"vp17","Female",8020,740,2,2.5,61,6,18,2008,65.4,"West",1
"vp17","Female",8020,740,2,2.9,,6,17,2008,"NA","West",1
"vp17","Female",8020,740,2,3.7,,7,27,2008,"NA","West",1
"vp19","Male",758,759,3,4.2,65,6,17,2008,73.17,"Camp Creek",1
"vp19","Male",758,759,3,5.9,,6,21,2008,"NA","Camp Creek",1
"vp21","Male",708,8030,2,3.9,63,7,18,2008,70.37,"Narnia",1
"vp21","Male",708,8030,2,3.9,,8,10,2008,"NA","Camp Creek",1
"vp21","Male",708,8030,2,5.3,,8,12,2008,"NA","Narnia",1
"vp21","Male",708,8030,2,6,,8,17,2008,"NA","Narnia",1
"U9","Female",265,8041,3,"NA",,6,21,2008,"NA","K-Talus",1
"U9","Female",265,8041,3,"NA",,7,18,2008,"NA","K-Talus",1
"vp23","Male",8042,8043,3,"NA",,7,23,2008,"NA","K-Talus",1
"vp23","Male",8042,8043,3,"NA",,8,17,2008,"NA","K-Talus",1
"vp26","Female",657,658,1,1.7,50,6,21,2008,58.4,"K-Talus",1
"vp26","Female",657,658,1,1.85,,7,18,2008,"NA","K-Talus",1
"vp26","Female",657,723,1,3,,7,23,2008,"NA","K-Talus",1
"vp26","Female",657,658,1,3,,8,4,2008,"NA","K-Talus",1
"vp26","Female",657,723,1,3.5,,7,21,2008,"NA","K-Talus",1
"J3","Female",320,707,3,4.55,62,6,3,2008,77.47,"Narnia",1
"7K","Female","noears","noears",3,4.65,,6,15,2008,"NA","West",1
"7K","Female","noears","noears",3,"NA",,6,3,2008,"NA","West",1
"7K","Female","noears","noears",3,"NA",,6,20,2008,"NA","West",1
"7K","Female","noears","noears",3,"NA",,7,18,2008,"NA","West",1
"vp31","Female",11,664,3,4.85,64,6,3,2008,74.65,"K-Talus",1
"vp31","Female",11,"-",3,"NA",,6,4,2008,"NA","K-Talus",1
"vp32","Male","-",666,2,"NA",,6,18,2008,"NA","K-Talus",1
"vp33","Male","?",668,2,2.75,61,6,4,2008,67,"West",1
"vp34","Male",669,735,2,2.8,65,7,31,2008,69.07,"West",1
"vp34","Male",669,735,2,3.45,,6,16,2008,"NA","West",1
"vp34","Male",669,735,2,4.85,,6,17,2008,"NA","West",1
"vp34","Male",669,735,2,"NA",,6,18,2008,"NA","West",1
"vp41","Female",0,19,1,"NA",,7,22,2008,"NA","West",1
"vp41","Female",0,19,1,"NA",,7,18,2008,"NA","West",1
"vp42","Female",14,23,1,1.5,51,7,22,2008,55.3,"West",1
"vp43","Female",22,24,1,1.75,51,7,18,2008,56.43,"West",1
"vp44","Male",7,16,1,1.8,50,7,22,2008,58.57,"West",1
"vp44","Male",7,16,1,"NA",,8,4,2008,"NA","West",1
"vp48","Female",10,700,1,1.25,45,8,3,2008,57.48,"K-Talus",1
"vp48","Female",10,700,1,1.6,,8,10,2008,"NA","K-Talus",1
"vp48","Female",10,700,1,1.75,,7,27,2008,"NA","K-Talus",1
"vp48","Female",10,700,1,3,,7,27,2008,"NA","K-Talus",1
"vp48","Female",10,700,1,"NA",,7,31,2008,"NA","K-Talus",1
"vp48","Female",10,700,1,"NA",,7,20,2008,"NA","K-Talus",1
"vp48","Female",10,700,1,"NA",,7,21,2008,"NA","K-Talus",1
"vp49","Female","A8021",686,1,1.6,49,6,21,2008,56.6,"K-Talus",1
"vp49","Female",8021,686,1,2.85,,7,18,2008,"NA","K-Talus",1
"vp49","Female",8021,686,1,3.8,,7,23,2008,"NA","K-Talus",1
"vp49","Female",8021,686,1,"NA",,8,17,2008,"NA","K-Talus",1
"vp50","Unknown",65,52,1,1.8,42,6,21,2008,56.77,"K-Talus",1
"vp50","Unknown",65,52,1,3.05,,7,18,2008,"NA","K-Talus",1
"vp50","Unknown",65,52,1,3.1,,7,23,2008,"NA","K-Talus",1
"vp50","Unknown",65,52,1,3.7,,8,4,2008,"NA","K-Talus",1
"vp53","Female",72,53,1,2.85,56,7,21,2008,61.5,"West",1
"T2","Female",731,730,3,4.25,58,6,3,2008,70.13,"Camp Creek",1
"T2","Female",731,730,3,4.7,,6,15,2008,"NA","Camp Creek",1
27,"Male",726,280,3,4.8,67,6,3,2008,78.37,"Narnia",1
27,"Male",726,280,3,5.25,,6,20,2008,"NA","Camp Creek",1
"vp55","Male",726,,3,6,,7,18,2008,"NA","Camp Creek",1
"vp56","Male",727,728,3,4.7,70,6,3,2008,74.23,"Narnia",1
"vp57","Male",734,733,3,3,60,6,4,2008,70.57,"West",1
"vp57","Male",734,733,3,3.6,,6,18,2008,"NA","West",1
"vp59","Female",736,738,3,2.5,57,6,4,2008,67.4,"West",1
"vp59","Female",736,738,3,"NA",,7,31,2008,"NA","West",1
"vp60","Female",742,741,3,2.8,60,6,5,2008,65.97,"K-Talus",1
"vp60","Female",742,741,3,3.15,,6,16,2008,"NA","K-Talus",1
"vp72","Male",748,749,1,1.95,53,6,17,2008,58.57,"West",1
"vp73","Unknown",745,744,2,2.5,,6,18,2008,"NA","West",1
"vp85","Male",719,720,3,5.2,,7,22,2008,"NA","Camp Creek",1
"vp87","Female",760,761,1,2.6,53,7,18,2008,61.07,"Camp Creek",1
"vp87","Female",760,761,1,3,,7,22,2008,"NA","Camp Creek",1
"vp88","Female",762,763,2,4.45,65,7,18,2008,64.67,"Camp Creek",1
"vp89","Female",764,765,1,2.95,54,7,22,2008,61.23,"Camp Creek",1
"vp89","Female",,,1,"NA",,8,4,2008,"NA","Camp Creek",1
"vp91","Female",725,724,0,1.95,52,8,3,2008,56.5,"Narnia",1
"vp93","Unknown","-","9?",3,"NA",,8,4,2008,"NA","Camp Creek",1
"vp93","Unknown","-","9?",3,"NA",,8,10,2008,"NA","Camp Creek",1
"vp94","Male",778,779,0,1.5,43,8,10,2008,55.2,"West",1
"vp95","Female",780,781,0,1.25,36,8,10,2008,53.27,"West",1
"vp37","Male",766,674,1,3.85,63,7,27,2008,62.17,"West",1
"vp98","Female",767,768,0,0.75,,7,27,2008,47.03,"West",1
"vp99","Female",771,772,0,1.1,41,7,31,2008,50.5,"West",1
"Y1","Female",646,429,3,5,69,7,20,2008,72.6,"West",1
"Y1","Female",646,429,3,"NA",,7,21,2008,"NA","West",1
